time,avg_buffer_pct
1.000000000000000000e+00,3.333333333333333148e-01
2.000000000000000000e+00,3.333333333333333148e-01
3.000000000000000000e+00,3.333333333333333148e-01
4.000000000000000000e+00,3.333333333333333148e-01
5.000000000000000000e+00,3.333333333333333148e-01
6.000000000000000000e+00,3.333333333333333148e-01
7.000000000000000000e+00,3.333333333333333148e-01
8.000000000000000000e+00,3.333333333333333148e-01
9.000000000000000000e+00,3.333333333333333148e-01
1.000000000000000000e+01,3.333333333333333148e-01
1.100000000000000000e+01,3.333333333333333148e-01
1.200000000000000000e+01,3.333333333333333148e-01
1.300000000000000000e+01,3.333333333333333148e-01
1.400000000000000000e+01,3.333333333333333148e-01
1.500000000000000000e+01,3.333333333333333148e-01
1.600000000000000000e+01,3.333333333333333148e-01
1.700000000000000000e+01,3.333333333333333148e-01
1.800000000000000000e+01,3.333333333333333148e-01
1.900000000000000000e+01,3.333333333333333148e-01
2.000000000000000000e+01,3.333333333333333148e-01
2.100000000000000000e+01,3.333333333333333148e-01
2.200000000000000000e+01,3.333333333333333148e-01
2.300000000000000000e+01,3.333333333333333148e-01
2.400000000000000000e+01,3.333333333333333148e-01
2.500000000000000000e+01,3.333333333333333148e-01
2.600000000000000000e+01,3.333333333333333148e-01
2.700000000000000000e+01,3.333333333333333148e-01
2.800000000000000000e+01,3.333333333333333148e-01
2.900000000000000000e+01,3.333333333333333148e-01
3.000000000000000000e+01,3.333333333333333148e-01
3.100000000000000000e+01,3.333333333333333148e-01
3.200000000000000000e+01,3.333333333333333148e-01
3.300000000000000000e+01,3.333333333333333148e-01
3.400000000000000000e+01,3.333333333333333148e-01
3.500000000000000000e+01,3.333333333333333148e-01
3.600000000000000000e+01,3.333333333333333148e-01
3.700000000000000000e+01,3.333333333333333148e-01
3.800000000000000000e+01,3.333333333333333148e-01
3.900000000000000000e+01,3.333333333333333148e-01
4.000000000000000000e+01,3.333333333333333148e-01
4.100000000000000000e+01,3.333333333333333148e-01
4.200000000000000000e+01,3.333333333333333148e-01
4.300000000000000000e+01,3.333333333333333148e-01
4.400000000000000000e+01,3.333333333333333148e-01
4.500000000000000000e+01,3.333333333333333148e-01
4.600000000000000000e+01,3.333333333333333148e-01
4.700000000000000000e+01,3.333333333333333148e-01
4.800000000000000000e+01,3.333333333333333148e-01
4.900000000000000000e+01,3.333333333333333148e-01
5.000000000000000000e+01,3.333333333333333148e-01
5.100000000000000000e+01,3.333333333333333148e-01
5.200000000000000000e+01,3.333333333333333148e-01
5.300000000000000000e+01,3.333333333333333148e-01
5.400000000000000000e+01,3.333333333333333148e-01
5.500000000000000000e+01,3.333333333333333148e-01
5.600000000000000000e+01,3.333333333333333148e-01
5.700000000000000000e+01,3.333333333333333148e-01
5.800000000000000000e+01,3.333333333333333148e-01
5.900000000000000000e+01,3.333333333333333148e-01
6.000000000000000000e+01,3.333333333333333148e-01
6.100000000000000000e+01,3.333333333333333148e-01
6.200000000000000000e+01,3.333333333333333148e-01
6.300000000000000000e+01,3.333333333333333148e-01
6.400000000000000000e+01,3.333333333333333148e-01
6.500000000000000000e+01,3.333333333333333148e-01
6.600000000000000000e+01,3.333333333333333148e-01
6.700000000000000000e+01,3.333333333333333148e-01
6.800000000000000000e+01,3.333333333333333148e-01
6.900000000000000000e+01,3.333333333333333148e-01
7.000000000000000000e+01,3.333333333333333148e-01
7.100000000000000000e+01,3.333333333333333148e-01
7.200000000000000000e+01,3.333333333333333148e-01
7.300000000000000000e+01,3.333333333333333148e-01
7.400000000000000000e+01,3.333333333333333148e-01
7.500000000000000000e+01,3.333333333333333148e-01
7.600000000000000000e+01,3.333333333333333148e-01
7.700000000000000000e+01,3.333333333333333148e-01
7.800000000000000000e+01,3.333333333333333148e-01
7.900000000000000000e+01,3.333333333333333148e-01
8.000000000000000000e+01,3.999999999999999667e-01
8.100000000000000000e+01,3.999999999999999667e-01
8.200000000000000000e+01,3.999999999999999667e-01
8.300000000000000000e+01,3.999999999999999667e-01
8.400000000000000000e+01,3.999999999999999667e-01
8.500000000000000000e+01,5.333333333333334370e-01
8.600000000000000000e+01,5.999999999999999778e-01
8.700000000000000000e+01,6.666666666666667407e-01
8.800000000000000000e+01,7.333333333333333925e-01
8.900000000000000000e+01,8.000000000000000444e-01
9.000000000000000000e+01,6.666666666666667407e-01
9.100000000000000000e+01,5.333333333333333259e-01
9.200000000000000000e+01,4.666666666666666186e-01
9.300000000000000000e+01,4.666666666666666186e-01
9.400000000000000000e+01,4.666666666666666186e-01
9.500000000000000000e+01,5.333333333333333259e-01
9.600000000000000000e+01,5.333333333333333259e-01
9.700000000000000000e+01,5.333333333333333259e-01
9.800000000000000000e+01,5.333333333333333259e-01
9.900000000000000000e+01,5.333333333333333259e-01
1.000000000000000000e+02,5.333333333333333259e-01
1.010000000000000000e+02,5.333333333333333259e-01
1.020000000000000000e+02,5.333333333333333259e-01
1.030000000000000000e+02,5.333333333333333259e-01
1.040000000000000000e+02,5.333333333333333259e-01
1.050000000000000000e+02,5.333333333333333259e-01
1.060000000000000000e+02,5.333333333333333259e-01
1.070000000000000000e+02,5.333333333333333259e-01
1.080000000000000000e+02,5.333333333333333259e-01
1.090000000000000000e+02,5.333333333333333259e-01
1.100000000000000000e+02,5.333333333333333259e-01
1.110000000000000000e+02,5.333333333333333259e-01
1.120000000000000000e+02,6.666666666666667407e-01
1.130000000000000000e+02,6.666666666666667407e-01
1.140000000000000000e+02,6.666666666666667407e-01
1.150000000000000000e+02,6.666666666666667407e-01
1.160000000000000000e+02,6.666666666666667407e-01
1.170000000000000000e+02,6.666666666666667407e-01
1.180000000000000000e+02,6.666666666666667407e-01
1.190000000000000000e+02,6.666666666666667407e-01
1.200000000000000000e+02,6.666666666666667407e-01
1.210000000000000000e+02,6.666666666666667407e-01
1.220000000000000000e+02,6.666666666666667407e-01
1.230000000000000000e+02,6.666666666666667407e-01
1.240000000000000000e+02,8.000000000000000444e-01
1.250000000000000000e+02,8.666666666666665853e-01
1.260000000000000000e+02,9.333333333333332371e-01
1.270000000000000000e+02,1.000000000000000000e+00
1.280000000000000000e+02,1.066666666666666430e+00
1.290000000000000000e+02,1.133333333333333304e+00
1.300000000000000000e+02,1.199999999999999956e+00
1.310000000000000000e+02,1.266666666666666385e+00
1.320000000000000000e+02,1.333333333333333259e+00
1.330000000000000000e+02,1.399999999999999911e+00
1.340000000000000000e+02,1.533333333333333437e+00
1.350000000000000000e+02,1.666666666666666519e+00
1.360000000000000000e+02,1.800000000000000044e+00
1.370000000000000000e+02,1.866666666666667140e+00
1.380000000000000000e+02,1.933333333333333570e+00
1.390000000000000000e+02,2.000000000000000000e+00
1.400000000000000000e+02,2.000000000000000444e+00
1.410000000000000000e+02,2.066666666666666430e+00
1.420000000000000000e+02,2.333333333333333037e+00
1.430000000000000000e+02,2.600000000000000533e+00
1.440000000000000000e+02,2.866666666666666252e+00
1.450000000000000000e+02,3.133333333333333748e+00
1.460000000000000000e+02,3.399999999999999911e+00
1.470000000000000000e+02,3.666666666666666519e+00
1.480000000000000000e+02,3.933333333333333570e+00
1.490000000000000000e+02,4.199999999999999289e+00
1.500000000000000000e+02,4.466666666666666785e+00
1.510000000000000000e+02,4.733333333333333393e+00
1.520000000000000000e+02,4.999999999999999112e+00
1.530000000000000000e+02,5.266666666666667496e+00
1.540000000000000000e+02,5.533333333333333215e+00
1.550000000000000000e+02,5.799999999999998934e+00
1.560000000000000000e+02,6.066666666666667318e+00
1.570000000000000000e+02,6.333333333333333925e+00
1.580000000000000000e+02,6.599999999999999645e+00
1.590000000000000000e+02,6.866666666666667140e+00
1.600000000000000000e+02,7.133333333333334636e+00
1.610000000000000000e+02,7.400000000000000355e+00
1.620000000000000000e+02,7.666666666666666963e+00
1.630000000000000000e+02,7.933333333333334458e+00
1.640000000000000000e+02,8.200000000000001066e+00
1.650000000000000000e+02,8.466666666666665009e+00
1.660000000000000000e+02,8.733333333333334281e+00
1.670000000000000000e+02,9.000000000000001776e+00
1.680000000000000000e+02,9.266666666666665719e+00
1.690000000000000000e+02,9.533333333333333215e+00
1.700000000000000000e+02,9.800000000000000711e+00
1.710000000000000000e+02,1.006666666666666643e+01
1.720000000000000000e+02,1.033333333333333215e+01
1.730000000000000000e+02,1.060000000000000142e+01
1.740000000000000000e+02,1.086666666666666536e+01
1.750000000000000000e+02,1.113333333333333286e+01
1.760000000000000000e+02,1.140000000000000213e+01
1.770000000000000000e+02,1.166666666666666607e+01
1.780000000000000000e+02,1.193333333333333357e+01
1.790000000000000000e+02,1.220000000000000107e+01
1.800000000000000000e+02,1.246666666666666501e+01
1.810000000000000000e+02,1.273333333333333250e+01
1.820000000000000000e+02,1.300000000000000000e+01
1.830000000000000000e+02,1.326666666666666572e+01
1.840000000000000000e+02,1.353333333333333144e+01
1.850000000000000000e+02,1.380000000000000071e+01
1.860000000000000000e+02,1.406666666666666643e+01
1.870000000000000000e+02,1.433333333333333215e+01
1.880000000000000000e+02,1.459999999999999787e+01
1.890000000000000000e+02,1.486666666666666892e+01
1.900000000000000000e+02,1.513333333333333108e+01
1.910000000000000000e+02,1.539999999999999680e+01
1.920000000000000000e+02,1.566666666666666785e+01
1.930000000000000000e+02,1.593333333333333179e+01
1.940000000000000000e+02,1.619999999999999574e+01
1.950000000000000000e+02,1.646666666666666856e+01
1.960000000000000000e+02,1.673333333333333073e+01
1.970000000000000000e+02,1.699999999999999645e+01
1.980000000000000000e+02,1.726666666666666927e+01
1.990000000000000000e+02,1.753333333333333144e+01
2.000000000000000000e+02,1.779999999999999716e+01
2.010000000000000000e+02,1.806666666666666998e+01
2.020000000000000000e+02,1.833333333333333215e+01
2.030000000000000000e+02,1.859999999999999787e+01
2.040000000000000000e+02,1.886666666666666714e+01
2.050000000000000000e+02,1.913333333333333286e+01
2.060000000000000000e+02,1.939999999999999858e+01
2.070000000000000000e+02,1.966666666666666785e+01
2.080000000000000000e+02,1.993333333333333002e+01
2.090000000000000000e+02,2.019999999999999574e+01
2.100000000000000000e+02,2.046666666666666856e+01
2.110000000000000000e+02,2.073333333333333073e+01
2.120000000000000000e+02,2.099999999999999645e+01
2.130000000000000000e+02,2.126666666666666927e+01
2.140000000000000000e+02,2.153333333333333144e+01
2.150000000000000000e+02,2.179999999999999716e+01
2.160000000000000000e+02,2.206666666666666998e+01
2.170000000000000000e+02,2.233333333333333570e+01
2.180000000000000000e+02,2.259999999999999787e+01
2.190000000000000000e+02,2.286666666666666714e+01
2.200000000000000000e+02,2.313333333333333286e+01
2.210000000000000000e+02,2.339999999999999858e+01
2.220000000000000000e+02,2.366666666666666785e+01
2.230000000000000000e+02,2.373333333333333428e+01
2.240000000000000000e+02,2.379999999999999716e+01
2.250000000000000000e+02,2.386666666666666714e+01
2.260000000000000000e+02,2.393333333333333357e+01
2.270000000000000000e+02,2.400000000000000000e+01
2.280000000000000000e+02,2.406666666666666998e+01
2.290000000000000000e+02,2.413333333333333286e+01
2.300000000000000000e+02,2.419999999999999929e+01
2.310000000000000000e+02,2.426666666666666927e+01
2.320000000000000000e+02,2.433333333333333570e+01
2.330000000000000000e+02,2.439999999999999858e+01
2.340000000000000000e+02,2.446666666666666856e+01
2.350000000000000000e+02,2.453333333333333499e+01
2.360000000000000000e+02,2.460000000000000142e+01
2.370000000000000000e+02,2.466666666666666785e+01
2.380000000000000000e+02,2.473333333333333428e+01
2.390000000000000000e+02,2.480000000000000071e+01
2.400000000000000000e+02,2.486666666666666714e+01
2.410000000000000000e+02,2.493333333333333002e+01
2.420000000000000000e+02,2.499999999999999645e+01
2.430000000000000000e+02,2.506666666666666998e+01
2.440000000000000000e+02,2.513333333333333286e+01
2.450000000000000000e+02,2.519999999999999574e+01
2.460000000000000000e+02,2.526666666666666927e+01
2.470000000000000000e+02,2.533333333333333215e+01
2.480000000000000000e+02,2.539999999999999858e+01
2.490000000000000000e+02,2.546666666666666856e+01
2.500000000000000000e+02,2.553333333333333144e+01
2.510000000000000000e+02,2.559999999999999787e+01
2.520000000000000000e+02,2.566666666666666785e+01
2.530000000000000000e+02,2.573333333333333073e+01
2.540000000000000000e+02,2.580000000000000071e+01
2.550000000000000000e+02,2.586666666666666714e+01
2.560000000000000000e+02,2.586666666666666359e+01
2.570000000000000000e+02,2.586666666666666714e+01
2.580000000000000000e+02,2.586666666666666714e+01
2.590000000000000000e+02,2.586666666666666359e+01
2.600000000000000000e+02,2.586666666666666714e+01
2.610000000000000000e+02,2.586666666666666714e+01
2.620000000000000000e+02,2.586666666666666359e+01
2.630000000000000000e+02,2.586666666666666714e+01
2.640000000000000000e+02,2.586666666666666714e+01
2.650000000000000000e+02,2.593333333333333002e+01
2.660000000000000000e+02,2.600000000000000000e+01
2.670000000000000000e+02,2.606666666666666998e+01
2.680000000000000000e+02,2.613333333333333286e+01
2.690000000000000000e+02,2.619999999999999929e+01
2.700000000000000000e+02,2.626666666666666927e+01
2.710000000000000000e+02,2.633333333333333215e+01
2.720000000000000000e+02,2.639999999999999858e+01
2.730000000000000000e+02,2.646666666666666146e+01
2.740000000000000000e+02,2.653333333333333854e+01
2.750000000000000000e+02,2.680000000000000071e+01
2.760000000000000000e+02,2.706666666666666288e+01
2.770000000000000000e+02,2.733333333333333570e+01
2.780000000000000000e+02,2.760000000000000142e+01
2.790000000000000000e+02,2.786666666666666359e+01
2.800000000000000000e+02,2.813333333333333641e+01
2.810000000000000000e+02,2.839999999999999858e+01
2.820000000000000000e+02,2.866666666666666430e+01
2.830000000000000000e+02,2.893333333333333712e+01
2.840000000000000000e+02,2.919999999999999929e+01
2.850000000000000000e+02,2.946666666666666146e+01
2.860000000000000000e+02,2.973333333333333783e+01
2.870000000000000000e+02,3.000000000000000000e+01
2.880000000000000000e+02,3.026666666666666217e+01
2.890000000000000000e+02,3.053333333333333854e+01
2.900000000000000000e+02,3.080000000000000071e+01
2.910000000000000000e+02,3.106666666666666288e+01
2.920000000000000000e+02,3.133333333333333570e+01
2.930000000000000000e+02,3.160000000000000142e+01
2.940000000000000000e+02,3.186666666666666359e+01
2.950000000000000000e+02,3.213333333333333997e+01
2.960000000000000000e+02,3.239999999999999858e+01
2.970000000000000000e+02,3.266666666666666430e+01
2.980000000000000000e+02,3.293333333333333712e+01
2.990000000000000000e+02,3.320000000000000284e+01
3.000000000000000000e+02,3.346666666666666146e+01
3.010000000000000000e+02,3.373333333333333428e+01
3.020000000000000000e+02,3.400000000000000000e+01
3.030000000000000000e+02,3.426666666666666572e+01
3.040000000000000000e+02,3.453333333333333854e+01
3.050000000000000000e+02,3.479999999999999716e+01
3.060000000000000000e+02,3.506666666666666288e+01
3.070000000000000000e+02,3.533333333333333570e+01
3.080000000000000000e+02,3.560000000000000142e+01
3.090000000000000000e+02,3.586666666666666003e+01
3.100000000000000000e+02,3.613333333333333997e+01
3.110000000000000000e+02,3.639999999999999858e+01
3.120000000000000000e+02,3.666666666666666430e+01
3.130000000000000000e+02,3.693333333333333712e+01
3.140000000000000000e+02,3.720000000000000284e+01
3.150000000000000000e+02,3.746666666666666146e+01
3.160000000000000000e+02,3.773333333333333428e+01
3.170000000000000000e+02,3.800000000000000000e+01
3.180000000000000000e+02,3.826666666666666572e+01
3.190000000000000000e+02,3.853333333333333854e+01
3.200000000000000000e+02,3.879999999999999716e+01
3.210000000000000000e+02,3.906666666666666288e+01
3.220000000000000000e+02,3.933333333333333570e+01
3.230000000000000000e+02,3.960000000000000142e+01
3.240000000000000000e+02,3.933333333333332860e+01
3.250000000000000000e+02,3.926666666666666572e+01
3.260000000000000000e+02,3.953333333333333854e+01
3.270000000000000000e+02,3.959999999999999432e+01
3.280000000000000000e+02,3.966666666666666430e+01
3.290000000000000000e+02,3.973333333333333428e+01
3.300000000000000000e+02,3.979999999999999716e+01
3.310000000000000000e+02,3.986666666666666003e+01
3.320000000000000000e+02,3.993333333333333712e+01
3.330000000000000000e+02,3.999999999999999289e+01
3.340000000000000000e+02,4.006666666666666288e+01
3.350000000000000000e+02,4.013333333333333997e+01
3.360000000000000000e+02,4.019999999999999574e+01
3.370000000000000000e+02,4.026666666666666572e+01
3.380000000000000000e+02,4.033333333333333570e+01
3.390000000000000000e+02,4.039999999999999147e+01
3.400000000000000000e+02,4.046666666666666146e+01
3.410000000000000000e+02,4.053333333333333854e+01
3.420000000000000000e+02,4.059999999999999432e+01
3.430000000000000000e+02,4.066666666666666430e+01
3.440000000000000000e+02,4.073333333333333428e+01
3.450000000000000000e+02,4.079999999999999716e+01
3.460000000000000000e+02,4.086666666666666003e+01
3.470000000000000000e+02,4.093333333333333712e+01
3.480000000000000000e+02,4.099999999999999289e+01
3.490000000000000000e+02,4.073333333333333428e+01
3.500000000000000000e+02,4.066666666666667140e+01
3.510000000000000000e+02,4.059999999999999432e+01
3.520000000000000000e+02,4.053333333333333854e+01
3.530000000000000000e+02,4.046666666666666856e+01
3.540000000000000000e+02,4.039999999999999147e+01
3.550000000000000000e+02,4.033333333333333570e+01
3.560000000000000000e+02,4.026666666666666572e+01
3.570000000000000000e+02,4.019999999999999574e+01
3.580000000000000000e+02,4.013333333333333997e+01
3.590000000000000000e+02,4.006666666666666998e+01
3.600000000000000000e+02,4.000000000000000000e+01
3.610000000000000000e+02,3.993333333333333712e+01
3.620000000000000000e+02,3.986666666666666714e+01
3.630000000000000000e+02,3.979999999999999716e+01
3.640000000000000000e+02,3.973333333333333428e+01
3.650000000000000000e+02,3.966666666666667140e+01
3.660000000000000000e+02,3.960000000000000142e+01
3.670000000000000000e+02,3.953333333333333854e+01
3.680000000000000000e+02,3.946666666666666856e+01
3.690000000000000000e+02,3.939999999999999858e+01
3.700000000000000000e+02,3.933333333333332860e+01
3.710000000000000000e+02,3.926666666666666572e+01
3.720000000000000000e+02,3.920000000000000284e+01
3.730000000000000000e+02,3.913333333333333286e+01
3.740000000000000000e+02,3.906666666666666998e+01
3.750000000000000000e+02,3.900000000000000000e+01
3.760000000000000000e+02,3.893333333333333002e+01
3.770000000000000000e+02,3.886666666666666714e+01
3.780000000000000000e+02,3.879999999999999716e+01
3.790000000000000000e+02,3.873333333333333428e+01
3.800000000000000000e+02,3.866666666666667140e+01
3.810000000000000000e+02,3.860000000000000142e+01
3.820000000000000000e+02,3.853333333333333144e+01
3.830000000000000000e+02,3.846666666666666856e+01
3.840000000000000000e+02,3.839999999999999858e+01
3.850000000000000000e+02,3.833333333333332860e+01
3.860000000000000000e+02,3.826666666666666572e+01
3.870000000000000000e+02,3.820000000000000284e+01
3.880000000000000000e+02,3.813333333333333286e+01
3.890000000000000000e+02,3.806666666666666288e+01
3.900000000000000000e+02,3.800000000000000000e+01
3.910000000000000000e+02,3.793333333333333002e+01
3.920000000000000000e+02,3.786666666666666003e+01
3.930000000000000000e+02,3.779999999999999716e+01
3.940000000000000000e+02,3.773333333333333428e+01
3.950000000000000000e+02,3.766666666666666430e+01
3.960000000000000000e+02,3.760000000000000142e+01
3.970000000000000000e+02,3.786666666666666003e+01
3.980000000000000000e+02,3.793333333333333002e+01
3.990000000000000000e+02,3.800000000000000000e+01
4.000000000000000000e+02,3.806666666666666288e+01
4.010000000000000000e+02,3.813333333333333286e+01
4.020000000000000000e+02,3.820000000000000284e+01
4.030000000000000000e+02,3.826666666666666572e+01
4.040000000000000000e+02,3.800000000000000000e+01
4.050000000000000000e+02,3.800000000000000000e+01
4.060000000000000000e+02,3.800000000000000000e+01
4.070000000000000000e+02,3.800000000000000000e+01
4.080000000000000000e+02,3.800000000000000000e+01
4.090000000000000000e+02,3.800000000000000000e+01
4.100000000000000000e+02,3.800000000000000000e+01
4.110000000000000000e+02,3.800000000000000000e+01
4.120000000000000000e+02,3.833333333333332860e+01
4.130000000000000000e+02,3.866666666666666430e+01
4.140000000000000000e+02,3.879999999999999716e+01
4.150000000000000000e+02,3.886666666666666003e+01
4.160000000000000000e+02,3.893333333333333002e+01
4.170000000000000000e+02,3.900000000000000000e+01
4.180000000000000000e+02,3.906666666666666288e+01
4.190000000000000000e+02,3.913333333333333286e+01
4.200000000000000000e+02,3.920000000000000284e+01
4.210000000000000000e+02,3.926666666666666572e+01
4.220000000000000000e+02,3.933333333333332860e+01
4.230000000000000000e+02,3.939999999999999858e+01
4.240000000000000000e+02,3.946666666666666146e+01
4.250000000000000000e+02,3.953333333333333144e+01
4.260000000000000000e+02,3.960000000000000142e+01
4.270000000000000000e+02,3.966666666666666430e+01
4.280000000000000000e+02,3.973333333333333428e+01
4.290000000000000000e+02,3.979999999999999716e+01
4.300000000000000000e+02,3.986666666666666003e+01
4.310000000000000000e+02,3.993333333333333002e+01
4.320000000000000000e+02,4.000000000000000000e+01
4.330000000000000000e+02,4.006666666666666288e+01
4.340000000000000000e+02,4.006666666666666288e+01
4.350000000000000000e+02,4.006666666666666998e+01
4.360000000000000000e+02,4.006666666666666288e+01
4.370000000000000000e+02,4.006666666666666288e+01
4.380000000000000000e+02,4.006666666666666998e+01
4.390000000000000000e+02,4.006666666666666288e+01
4.400000000000000000e+02,4.006666666666666288e+01
4.410000000000000000e+02,4.006666666666666998e+01
4.420000000000000000e+02,4.006666666666666288e+01
4.430000000000000000e+02,4.006666666666666288e+01
4.440000000000000000e+02,4.006666666666666288e+01
4.450000000000000000e+02,3.979999999999999716e+01
4.460000000000000000e+02,3.953333333333333854e+01
4.470000000000000000e+02,3.926666666666666572e+01
4.480000000000000000e+02,3.900000000000000000e+01
4.490000000000000000e+02,3.873333333333333428e+01
4.500000000000000000e+02,3.866666666666666430e+01
4.510000000000000000e+02,3.866666666666666430e+01
4.520000000000000000e+02,3.866666666666666430e+01
4.530000000000000000e+02,3.866666666666666430e+01
4.540000000000000000e+02,3.866666666666666430e+01
4.550000000000000000e+02,3.866666666666666430e+01
4.560000000000000000e+02,3.866666666666666430e+01
4.570000000000000000e+02,3.893333333333333002e+01
4.580000000000000000e+02,3.900000000000000000e+01
4.590000000000000000e+02,3.906666666666666288e+01
4.600000000000000000e+02,3.913333333333333286e+01
4.610000000000000000e+02,3.920000000000000284e+01
4.620000000000000000e+02,3.926666666666666572e+01
4.630000000000000000e+02,3.933333333333332860e+01
4.640000000000000000e+02,3.939999999999999858e+01
4.650000000000000000e+02,3.946666666666666146e+01
4.660000000000000000e+02,3.953333333333333144e+01
4.670000000000000000e+02,3.960000000000000142e+01
4.680000000000000000e+02,3.966666666666666430e+01
4.690000000000000000e+02,3.973333333333333428e+01
4.700000000000000000e+02,3.979999999999999716e+01
4.710000000000000000e+02,3.986666666666666003e+01
4.720000000000000000e+02,3.993333333333333002e+01
4.730000000000000000e+02,4.000000000000000000e+01
4.740000000000000000e+02,4.006666666666666288e+01
4.750000000000000000e+02,4.013333333333333286e+01
4.760000000000000000e+02,4.020000000000000284e+01
4.770000000000000000e+02,4.026666666666666572e+01
4.780000000000000000e+02,4.033333333333332860e+01
4.790000000000000000e+02,4.039999999999999858e+01
4.800000000000000000e+02,4.046666666666666146e+01
4.810000000000000000e+02,4.053333333333333144e+01
4.820000000000000000e+02,4.060000000000000142e+01
4.830000000000000000e+02,4.066666666666666430e+01
4.840000000000000000e+02,4.073333333333333428e+01
4.850000000000000000e+02,4.079999999999999716e+01
4.860000000000000000e+02,4.086666666666666003e+01
4.870000000000000000e+02,4.093333333333333002e+01
4.880000000000000000e+02,4.100000000000000000e+01
4.890000000000000000e+02,4.106666666666666288e+01
4.900000000000000000e+02,4.113333333333333286e+01
4.910000000000000000e+02,4.120000000000000284e+01
4.920000000000000000e+02,4.126666666666666572e+01
4.930000000000000000e+02,4.133333333333332860e+01
4.940000000000000000e+02,4.133333333333332860e+01
4.950000000000000000e+02,4.133333333333333570e+01
4.960000000000000000e+02,4.133333333333332860e+01
4.970000000000000000e+02,4.133333333333332860e+01
4.980000000000000000e+02,4.133333333333333570e+01
4.990000000000000000e+02,4.133333333333332860e+01
5.000000000000000000e+02,4.133333333333332860e+01
5.010000000000000000e+02,4.133333333333333570e+01
5.020000000000000000e+02,4.133333333333333570e+01
5.030000000000000000e+02,4.133333333333332860e+01
5.040000000000000000e+02,4.153333333333333854e+01
5.050000000000000000e+02,4.173333333333333428e+01
5.060000000000000000e+02,4.193333333333333002e+01
5.070000000000000000e+02,4.213333333333333997e+01
5.080000000000000000e+02,4.233333333333333570e+01
5.090000000000000000e+02,4.253333333333333144e+01
5.100000000000000000e+02,4.273333333333333428e+01
5.110000000000000000e+02,4.293333333333333712e+01
5.120000000000000000e+02,4.313333333333333286e+01
5.130000000000000000e+02,4.333333333333333570e+01
5.140000000000000000e+02,4.353333333333333854e+01
5.150000000000000000e+02,4.373333333333333428e+01
5.160000000000000000e+02,4.393333333333333712e+01
5.170000000000000000e+02,4.413333333333333997e+01
5.180000000000000000e+02,4.433333333333332860e+01
5.190000000000000000e+02,4.453333333333333854e+01
5.200000000000000000e+02,4.473333333333333428e+01
5.210000000000000000e+02,4.493333333333333002e+01
5.220000000000000000e+02,4.513333333333333997e+01
5.230000000000000000e+02,4.533333333333333570e+01
5.240000000000000000e+02,4.553333333333333144e+01
5.250000000000000000e+02,4.573333333333333428e+01
5.260000000000000000e+02,4.593333333333333712e+01
5.270000000000000000e+02,4.613333333333333286e+01
5.280000000000000000e+02,4.633333333333332860e+01
5.290000000000000000e+02,4.653333333333333854e+01
5.300000000000000000e+02,4.673333333333333428e+01
5.310000000000000000e+02,4.693333333333333002e+01
5.320000000000000000e+02,4.713333333333333997e+01
5.330000000000000000e+02,4.733333333333332860e+01
5.340000000000000000e+02,4.753333333333333144e+01
5.350000000000000000e+02,4.773333333333333428e+01
5.360000000000000000e+02,4.793333333333333002e+01
5.370000000000000000e+02,4.813333333333333286e+01
5.380000000000000000e+02,4.833333333333333570e+01
5.390000000000000000e+02,4.853333333333333144e+01
5.400000000000000000e+02,4.873333333333333428e+01
5.410000000000000000e+02,4.893333333333333712e+01
5.420000000000000000e+02,4.913333333333333286e+01
5.430000000000000000e+02,4.933333333333332860e+01
5.440000000000000000e+02,4.953333333333333854e+01
5.450000000000000000e+02,4.973333333333333428e+01
5.460000000000000000e+02,4.993333333333333002e+01
5.470000000000000000e+02,5.013333333333333997e+01
5.480000000000000000e+02,5.033333333333333570e+01
5.490000000000000000e+02,5.053333333333333144e+01
5.500000000000000000e+02,5.073333333333333428e+01
5.510000000000000000e+02,5.093333333333333712e+01
5.520000000000000000e+02,5.113333333333333286e+01
5.530000000000000000e+02,5.133333333333333570e+01
5.540000000000000000e+02,5.153333333333333854e+01
5.550000000000000000e+02,5.173333333333332718e+01
5.560000000000000000e+02,5.193333333333333712e+01
5.570000000000000000e+02,5.213333333333333997e+01
5.580000000000000000e+02,5.233333333333332860e+01
5.590000000000000000e+02,5.253333333333333854e+01
5.600000000000000000e+02,5.253333333333333854e+01
5.610000000000000000e+02,5.253333333333332433e+01
5.620000000000000000e+02,5.253333333333333854e+01
5.630000000000000000e+02,5.253333333333333854e+01
5.640000000000000000e+02,5.253333333333332433e+01
5.650000000000000000e+02,5.253333333333333854e+01
5.660000000000000000e+02,5.253333333333333854e+01
5.670000000000000000e+02,5.253333333333332433e+01
5.680000000000000000e+02,5.253333333333333854e+01
5.690000000000000000e+02,5.253333333333333854e+01
5.700000000000000000e+02,5.220000000000000284e+01
5.710000000000000000e+02,5.206666666666666288e+01
5.720000000000000000e+02,5.193333333333333712e+01
5.730000000000000000e+02,5.179999999999999716e+01
5.740000000000000000e+02,5.166666666666666430e+01
5.750000000000000000e+02,5.153333333333333854e+01
5.760000000000000000e+02,5.139999999999999858e+01
5.770000000000000000e+02,5.126666666666666572e+01
5.780000000000000000e+02,5.113333333333333997e+01
5.790000000000000000e+02,5.133333333333332860e+01
5.800000000000000000e+02,5.133333333333333570e+01
5.810000000000000000e+02,5.133333333333333570e+01
5.820000000000000000e+02,5.133333333333332860e+01
5.830000000000000000e+02,5.133333333333332860e+01
5.840000000000000000e+02,5.133333333333333570e+01
5.850000000000000000e+02,5.153333333333332433e+01
5.860000000000000000e+02,5.173333333333333428e+01
5.870000000000000000e+02,5.160000000000000142e+01
5.880000000000000000e+02,5.126666666666667282e+01
5.890000000000000000e+02,5.093333333333333002e+01
5.900000000000000000e+02,5.079999999999999716e+01
5.910000000000000000e+02,5.066666666666666430e+01
5.920000000000000000e+02,5.053333333333333854e+01
5.930000000000000000e+02,5.039999999999999858e+01
5.940000000000000000e+02,5.026666666666666572e+01
5.950000000000000000e+02,5.013333333333333997e+01
5.960000000000000000e+02,5.000000000000000000e+01
5.970000000000000000e+02,4.986666666666666003e+01
5.980000000000000000e+02,4.973333333333333428e+01
5.990000000000000000e+02,4.960000000000000142e+01
6.000000000000000000e+02,4.946666666666666146e+01
6.010000000000000000e+02,4.933333333333333570e+01
6.020000000000000000e+02,4.920000000000000284e+01
6.030000000000000000e+02,4.906666666666666288e+01
6.040000000000000000e+02,4.893333333333333712e+01
6.050000000000000000e+02,4.879999999999999716e+01
6.060000000000000000e+02,4.866666666666666430e+01
6.070000000000000000e+02,4.853333333333333854e+01
6.080000000000000000e+02,4.839999999999999858e+01
6.090000000000000000e+02,4.826666666666666572e+01
6.100000000000000000e+02,4.813333333333333997e+01
6.110000000000000000e+02,4.800000000000000000e+01
6.120000000000000000e+02,4.786666666666666003e+01
6.130000000000000000e+02,4.773333333333333428e+01
6.140000000000000000e+02,4.760000000000000142e+01
6.150000000000000000e+02,4.746666666666666146e+01
6.160000000000000000e+02,4.733333333333333570e+01
6.170000000000000000e+02,4.720000000000000284e+01
6.180000000000000000e+02,4.733333333333332860e+01
6.190000000000000000e+02,4.746666666666666856e+01
6.200000000000000000e+02,4.760000000000000142e+01
6.210000000000000000e+02,4.773333333333333428e+01
6.220000000000000000e+02,4.786666666666666714e+01
6.230000000000000000e+02,4.800000000000000000e+01
6.240000000000000000e+02,4.820000000000000284e+01
6.250000000000000000e+02,4.839999999999999858e+01
6.260000000000000000e+02,4.860000000000000142e+01
6.270000000000000000e+02,4.879999999999999716e+01
6.280000000000000000e+02,4.900000000000000000e+01
6.290000000000000000e+02,4.920000000000000284e+01
6.300000000000000000e+02,4.939999999999999858e+01
6.310000000000000000e+02,4.960000000000000142e+01
6.320000000000000000e+02,4.979999999999999716e+01
6.330000000000000000e+02,5.000000000000000000e+01
6.340000000000000000e+02,5.020000000000000284e+01
6.350000000000000000e+02,5.039999999999999858e+01
6.360000000000000000e+02,5.060000000000000142e+01
6.370000000000000000e+02,5.079999999999999716e+01
6.380000000000000000e+02,5.100000000000000000e+01
6.390000000000000000e+02,5.120000000000000284e+01
6.400000000000000000e+02,5.139999999999999858e+01
6.410000000000000000e+02,5.160000000000000142e+01
6.420000000000000000e+02,5.179999999999999716e+01
6.430000000000000000e+02,5.200000000000000000e+01
6.440000000000000000e+02,5.220000000000000284e+01
6.450000000000000000e+02,5.239999999999999858e+01
6.460000000000000000e+02,5.260000000000000142e+01
6.470000000000000000e+02,5.279999999999999716e+01
6.480000000000000000e+02,5.300000000000000000e+01
6.490000000000000000e+02,5.320000000000000284e+01
6.500000000000000000e+02,5.339999999999999858e+01
6.510000000000000000e+02,5.360000000000000142e+01
6.520000000000000000e+02,5.379999999999999716e+01
6.530000000000000000e+02,5.400000000000000000e+01
6.540000000000000000e+02,5.420000000000000284e+01
6.550000000000000000e+02,5.439999999999999858e+01
6.560000000000000000e+02,5.460000000000000142e+01
6.570000000000000000e+02,5.479999999999999716e+01
6.580000000000000000e+02,5.500000000000000000e+01
6.590000000000000000e+02,5.520000000000000284e+01
6.600000000000000000e+02,5.539999999999999858e+01
6.610000000000000000e+02,5.560000000000000142e+01
6.620000000000000000e+02,5.579999999999999716e+01
6.630000000000000000e+02,5.600000000000000000e+01
6.640000000000000000e+02,5.620000000000000284e+01
6.650000000000000000e+02,5.639999999999999858e+01
6.660000000000000000e+02,5.660000000000000142e+01
6.670000000000000000e+02,5.679999999999999716e+01
6.680000000000000000e+02,5.700000000000000000e+01
6.690000000000000000e+02,5.720000000000000284e+01
6.700000000000000000e+02,5.739999999999999858e+01
6.710000000000000000e+02,5.760000000000000142e+01
6.720000000000000000e+02,5.779999999999999716e+01
6.730000000000000000e+02,5.800000000000000000e+01
6.740000000000000000e+02,5.820000000000000284e+01
6.750000000000000000e+02,5.839999999999999858e+01
6.760000000000000000e+02,5.860000000000000142e+01
6.770000000000000000e+02,5.846666666666666146e+01
6.780000000000000000e+02,5.833333333333333570e+01
6.790000000000000000e+02,5.820000000000000284e+01
6.800000000000000000e+02,5.806666666666666288e+01
6.810000000000000000e+02,5.793333333333333712e+01
6.820000000000000000e+02,5.779999999999999716e+01
6.830000000000000000e+02,5.766666666666666430e+01
6.840000000000000000e+02,5.753333333333333854e+01
6.850000000000000000e+02,5.739999999999999858e+01
6.860000000000000000e+02,5.726666666666666572e+01
6.870000000000000000e+02,5.713333333333333997e+01
6.880000000000000000e+02,5.700000000000000000e+01
6.890000000000000000e+02,5.686666666666666003e+01
6.900000000000000000e+02,5.673333333333333428e+01
6.910000000000000000e+02,5.660000000000000142e+01
6.920000000000000000e+02,5.646666666666666146e+01
6.930000000000000000e+02,5.633333333333333570e+01
6.940000000000000000e+02,5.620000000000000284e+01
6.950000000000000000e+02,5.606666666666666288e+01
6.960000000000000000e+02,5.593333333333333712e+01
6.970000000000000000e+02,5.579999999999999716e+01
6.980000000000000000e+02,5.566666666666666430e+01
6.990000000000000000e+02,5.546666666666667567e+01
7.000000000000000000e+02,5.526666666666666572e+01
7.010000000000000000e+02,5.506666666666666288e+01
7.020000000000000000e+02,5.486666666666667425e+01
7.030000000000000000e+02,5.466666666666666430e+01
7.040000000000000000e+02,5.446666666666666146e+01
7.050000000000000000e+02,5.426666666666667282e+01
7.060000000000000000e+02,5.406666666666666288e+01
7.070000000000000000e+02,5.386666666666666003e+01
7.080000000000000000e+02,5.366666666666667140e+01
7.090000000000000000e+02,5.346666666666666146e+01
7.100000000000000000e+02,5.293333333333332291e+01
7.110000000000000000e+02,5.260000000000000142e+01
7.120000000000000000e+02,5.233333333333333570e+01
7.130000000000000000e+02,5.206666666666667709e+01
7.140000000000000000e+02,5.179999999999999716e+01
7.150000000000000000e+02,5.153333333333333854e+01
7.160000000000000000e+02,5.126666666666667282e+01
7.170000000000000000e+02,5.100000000000000000e+01
7.180000000000000000e+02,5.073333333333333428e+01
7.190000000000000000e+02,5.046666666666666856e+01
7.200000000000000000e+02,5.020000000000000284e+01
7.210000000000000000e+02,4.993333333333333712e+01
7.220000000000000000e+02,4.966666666666667140e+01
7.230000000000000000e+02,4.939999999999999858e+01
7.240000000000000000e+02,4.913333333333333997e+01
7.250000000000000000e+02,4.886666666666666714e+01
7.260000000000000000e+02,4.893333333333333712e+01
7.270000000000000000e+02,4.879999999999999716e+01
7.280000000000000000e+02,4.866666666666667140e+01
7.290000000000000000e+02,4.853333333333333854e+01
7.300000000000000000e+02,4.839999999999999858e+01
7.310000000000000000e+02,4.826666666666666572e+01
7.320000000000000000e+02,4.813333333333333997e+01
7.330000000000000000e+02,4.800000000000000000e+01
7.340000000000000000e+02,4.786666666666666714e+01
7.350000000000000000e+02,4.800000000000000000e+01
7.360000000000000000e+02,4.793333333333333002e+01
7.370000000000000000e+02,4.786666666666666714e+01
7.380000000000000000e+02,4.779999999999999716e+01
7.390000000000000000e+02,4.773333333333333428e+01
7.400000000000000000e+02,4.766666666666667140e+01
7.410000000000000000e+02,4.760000000000000142e+01
7.420000000000000000e+02,4.753333333333333144e+01
7.430000000000000000e+02,4.746666666666666856e+01
7.440000000000000000e+02,4.739999999999999858e+01
7.450000000000000000e+02,4.733333333333332860e+01
7.460000000000000000e+02,4.726666666666666572e+01
7.470000000000000000e+02,4.720000000000000284e+01
7.480000000000000000e+02,4.713333333333333286e+01
7.490000000000000000e+02,4.706666666666666998e+01
7.500000000000000000e+02,4.700000000000000000e+01
7.510000000000000000e+02,4.693333333333333002e+01
7.520000000000000000e+02,4.686666666666666714e+01
7.530000000000000000e+02,4.700000000000000000e+01
7.540000000000000000e+02,4.713333333333333286e+01
7.550000000000000000e+02,4.726666666666666572e+01
7.560000000000000000e+02,4.739999999999999858e+01
7.570000000000000000e+02,4.753333333333333144e+01
7.580000000000000000e+02,4.766666666666667140e+01
7.590000000000000000e+02,4.760000000000000142e+01
7.600000000000000000e+02,4.753333333333333144e+01
7.610000000000000000e+02,4.746666666666666856e+01
7.620000000000000000e+02,4.739999999999999858e+01
7.630000000000000000e+02,4.733333333333332860e+01
7.640000000000000000e+02,4.733333333333332860e+01
7.650000000000000000e+02,4.739999999999999858e+01
7.660000000000000000e+02,4.753333333333333144e+01
7.670000000000000000e+02,4.766666666666667140e+01
7.680000000000000000e+02,4.779999999999999716e+01
7.690000000000000000e+02,4.793333333333333002e+01
7.700000000000000000e+02,4.806666666666666998e+01
7.710000000000000000e+02,4.820000000000000284e+01
7.720000000000000000e+02,4.833333333333332860e+01
7.730000000000000000e+02,4.846666666666666856e+01
7.740000000000000000e+02,4.860000000000000142e+01
7.750000000000000000e+02,4.873333333333333428e+01
7.760000000000000000e+02,4.886666666666666714e+01
7.770000000000000000e+02,4.900000000000000000e+01
7.780000000000000000e+02,4.913333333333333286e+01
7.790000000000000000e+02,4.926666666666666572e+01
7.800000000000000000e+02,4.939999999999999858e+01
7.810000000000000000e+02,4.953333333333333144e+01
7.820000000000000000e+02,4.966666666666667140e+01
7.830000000000000000e+02,4.979999999999999716e+01
7.840000000000000000e+02,4.993333333333333002e+01
7.850000000000000000e+02,5.006666666666666998e+01
7.860000000000000000e+02,5.020000000000000284e+01
7.870000000000000000e+02,5.033333333333332860e+01
7.880000000000000000e+02,5.046666666666666856e+01
7.890000000000000000e+02,5.060000000000000142e+01
7.900000000000000000e+02,5.073333333333333428e+01
7.910000000000000000e+02,5.086666666666666714e+01
7.920000000000000000e+02,5.100000000000000000e+01
7.930000000000000000e+02,5.113333333333333286e+01
7.940000000000000000e+02,5.126666666666667282e+01
7.950000000000000000e+02,5.139999999999999858e+01
7.960000000000000000e+02,5.153333333333332433e+01
7.970000000000000000e+02,5.166666666666667140e+01
7.980000000000000000e+02,5.179999999999999716e+01
7.990000000000000000e+02,5.193333333333332291e+01
8.000000000000000000e+02,5.206666666666667709e+01
8.010000000000000000e+02,5.220000000000000284e+01
8.020000000000000000e+02,5.233333333333332860e+01
8.030000000000000000e+02,5.246666666666667567e+01
8.040000000000000000e+02,5.260000000000000142e+01
8.050000000000000000e+02,5.273333333333332718e+01
8.060000000000000000e+02,5.286666666666667425e+01
8.070000000000000000e+02,5.300000000000000000e+01
8.080000000000000000e+02,5.313333333333332575e+01
8.090000000000000000e+02,5.326666666666667282e+01
8.100000000000000000e+02,5.339999999999999858e+01
8.110000000000000000e+02,5.353333333333332433e+01
8.120000000000000000e+02,5.366666666666666430e+01
8.130000000000000000e+02,5.379999999999999716e+01
8.140000000000000000e+02,5.393333333333332291e+01
8.150000000000000000e+02,5.406666666666666288e+01
8.160000000000000000e+02,5.420000000000000284e+01
8.170000000000000000e+02,5.433333333333332860e+01
8.180000000000000000e+02,5.446666666666666146e+01
8.190000000000000000e+02,5.460000000000000142e+01
8.200000000000000000e+02,5.473333333333332718e+01
8.210000000000000000e+02,5.486666666666666003e+01
8.220000000000000000e+02,5.500000000000000000e+01
8.230000000000000000e+02,5.513333333333332575e+01
8.240000000000000000e+02,5.526666666666666572e+01
8.250000000000000000e+02,5.539999999999999858e+01
8.260000000000000000e+02,5.553333333333332433e+01
8.270000000000000000e+02,5.566666666666666430e+01
8.280000000000000000e+02,5.579999999999999716e+01
8.290000000000000000e+02,5.593333333333332291e+01
8.300000000000000000e+02,5.606666666666666288e+01
8.310000000000000000e+02,5.620000000000000284e+01
8.320000000000000000e+02,5.633333333333332860e+01
8.330000000000000000e+02,5.646666666666666146e+01
8.340000000000000000e+02,5.660000000000000142e+01
8.350000000000000000e+02,5.673333333333332718e+01
8.360000000000000000e+02,5.686666666666666003e+01
8.370000000000000000e+02,5.700000000000000000e+01
8.380000000000000000e+02,5.713333333333332575e+01
8.390000000000000000e+02,5.726666666666666572e+01
8.400000000000000000e+02,4.473577235772356886e+00
8.410000000000000000e+02,6.500000000000000000e+01
8.420000000000000000e+02,6.475000000000000000e+01
8.430000000000000000e+02,6.450000000000000000e+01
8.440000000000000000e+02,6.425000000000000000e+01
8.450000000000000000e+02,6.425000000000000000e+01
8.460000000000000000e+02,6.441666666666665719e+01
8.470000000000000000e+02,6.458333333333334281e+01
8.480000000000000000e+02,6.475000000000000000e+01
8.490000000000000000e+02,6.491666666666665719e+01
8.500000000000000000e+02,6.508333333333332860e+01
8.510000000000000000e+02,6.525000000000000000e+01
8.520000000000000000e+02,6.541666666666665719e+01
8.530000000000000000e+02,6.558333333333332860e+01
8.540000000000000000e+02,6.575000000000000000e+01
8.550000000000000000e+02,6.591666666666665719e+01
8.560000000000000000e+02,6.608333333333332860e+01
8.570000000000000000e+02,6.625000000000000000e+01
8.580000000000000000e+02,6.625000000000000000e+01
8.590000000000000000e+02,6.616666666666667140e+01
8.600000000000000000e+02,6.608333333333334281e+01
8.610000000000000000e+02,6.600000000000000000e+01
8.620000000000000000e+02,6.591666666666667140e+01
8.630000000000000000e+02,6.583333333333334281e+01
8.640000000000000000e+02,6.600000000000000000e+01
8.650000000000000000e+02,6.616666666666667140e+01
8.660000000000000000e+02,6.633333333333334281e+01
8.670000000000000000e+02,6.641666666666665719e+01
8.680000000000000000e+02,6.650000000000000000e+01
8.690000000000000000e+02,6.658333333333334281e+01
8.700000000000000000e+02,6.666666666666665719e+01
8.710000000000000000e+02,6.675000000000000000e+01
8.720000000000000000e+02,6.683333333333334281e+01
8.730000000000000000e+02,6.691666666666665719e+01
8.740000000000000000e+02,6.675000000000000000e+01
8.750000000000000000e+02,6.658333333333332860e+01
8.760000000000000000e+02,6.633333333333332860e+01
8.770000000000000000e+02,6.608333333333332860e+01
8.780000000000000000e+02,6.583333333333332860e+01
8.790000000000000000e+02,6.558333333333332860e+01
8.800000000000000000e+02,6.533333333333332860e+01
8.810000000000000000e+02,6.508333333333332860e+01
8.820000000000000000e+02,6.483333333333332860e+01
8.830000000000000000e+02,6.458333333333332860e+01
8.840000000000000000e+02,6.458333333333332860e+01
8.850000000000000000e+02,6.458333333333332860e+01
8.860000000000000000e+02,6.458333333333332860e+01
8.870000000000000000e+02,6.458333333333332860e+01
8.880000000000000000e+02,6.458333333333332860e+01
8.890000000000000000e+02,6.458333333333332860e+01
8.900000000000000000e+02,6.458333333333332860e+01
8.910000000000000000e+02,1.710144927536231929e+00
8.920000000000000000e+02,8.566666666666667140e+01
8.930000000000000000e+02,8.566666666666667140e+01
8.940000000000000000e+02,8.566666666666667140e+01
8.950000000000000000e+02,8.566666666666667140e+01
8.960000000000000000e+02,8.566666666666667140e+01
8.970000000000000000e+02,8.566666666666667140e+01
8.980000000000000000e+02,8.566666666666667140e+01
8.990000000000000000e+02,8.566666666666667140e+01
9.000000000000000000e+02,8.566666666666667140e+01
9.010000000000000000e+02,8.566666666666667140e+01
9.020000000000000000e+02,8.566666666666667140e+01
9.030000000000000000e+02,8.566666666666667140e+01
9.040000000000000000e+02,8.566666666666667140e+01
9.050000000000000000e+02,8.566666666666667140e+01
9.060000000000000000e+02,8.566666666666667140e+01
9.070000000000000000e+02,8.566666666666667140e+01
9.080000000000000000e+02,8.566666666666667140e+01
9.090000000000000000e+02,8.566666666666667140e+01
9.100000000000000000e+02,8.566666666666667140e+01
9.110000000000000000e+02,8.566666666666667140e+01
9.120000000000000000e+02,8.566666666666667140e+01
9.130000000000000000e+02,8.566666666666667140e+01
9.140000000000000000e+02,8.566666666666667140e+01
9.150000000000000000e+02,8.566666666666667140e+01
9.160000000000000000e+02,8.566666666666667140e+01
9.170000000000000000e+02,8.566666666666667140e+01
9.180000000000000000e+02,8.566666666666667140e+01
9.190000000000000000e+02,8.566666666666667140e+01
9.200000000000000000e+02,8.566666666666667140e+01
9.210000000000000000e+02,8.566666666666667140e+01
9.220000000000000000e+02,8.566666666666667140e+01
9.230000000000000000e+02,8.566666666666667140e+01
9.240000000000000000e+02,8.566666666666667140e+01
9.250000000000000000e+02,8.566666666666667140e+01
9.260000000000000000e+02,8.566666666666667140e+01
9.270000000000000000e+02,8.566666666666667140e+01
9.280000000000000000e+02,8.566666666666667140e+01
9.290000000000000000e+02,8.566666666666667140e+01
9.300000000000000000e+02,8.566666666666667140e+01
9.310000000000000000e+02,8.566666666666667140e+01
9.320000000000000000e+02,8.566666666666667140e+01
9.330000000000000000e+02,8.566666666666667140e+01
9.340000000000000000e+02,9.224712643678161328e+01
9.350000000000000000e+02,8.216666666666665719e+01
9.360000000000000000e+02,8.200000000000000000e+01
9.370000000000000000e+02,8.183333333333334281e+01
9.380000000000000000e+02,8.166666666666665719e+01
9.390000000000000000e+02,8.150000000000000000e+01
9.400000000000000000e+02,8.133333333333334281e+01
9.410000000000000000e+02,8.116666666666665719e+01
9.420000000000000000e+02,8.100000000000000000e+01
9.430000000000000000e+02,8.083333333333334281e+01
9.440000000000000000e+02,8.066666666666667140e+01
9.450000000000000000e+02,8.050000000000000000e+01
9.460000000000000000e+02,8.033333333333334281e+01
9.470000000000000000e+02,8.016666666666667140e+01
9.480000000000000000e+02,8.000000000000000000e+01
9.490000000000000000e+02,7.983333333333334281e+01
9.500000000000000000e+02,7.966666666666667140e+01
9.510000000000000000e+02,7.933333333333332860e+01
9.520000000000000000e+02,7.900000000000000000e+01
9.530000000000000000e+02,7.866666666666667140e+01
9.540000000000000000e+02,7.833333333333332860e+01
9.550000000000000000e+02,7.800000000000000000e+01
9.560000000000000000e+02,7.766666666666667140e+01
9.570000000000000000e+02,7.733333333333332860e+01
9.580000000000000000e+02,7.700000000000000000e+01
9.590000000000000000e+02,7.666666666666667140e+01
9.600000000000000000e+02,7.633333333333332860e+01
9.610000000000000000e+02,7.600000000000000000e+01
9.620000000000000000e+02,7.566666666666667140e+01
9.630000000000000000e+02,7.533333333333332860e+01
9.640000000000000000e+02,7.500000000000000000e+01
9.650000000000000000e+02,7.466666666666667140e+01
9.660000000000000000e+02,7.433333333333332860e+01
9.670000000000000000e+02,7.400000000000000000e+01
9.680000000000000000e+02,7.366666666666667140e+01
9.690000000000000000e+02,7.383333333333332860e+01
9.700000000000000000e+02,7.400000000000000000e+01
9.710000000000000000e+02,7.416666666666667140e+01
9.720000000000000000e+02,7.433333333333332860e+01
9.730000000000000000e+02,7.450000000000000000e+01
9.740000000000000000e+02,7.466666666666667140e+01
9.750000000000000000e+02,7.483333333333332860e+01
9.760000000000000000e+02,7.450000000000000000e+01
9.770000000000000000e+02,7.416666666666667140e+01
9.780000000000000000e+02,7.383333333333332860e+01
9.790000000000000000e+02,7.350000000000000000e+01
9.800000000000000000e+02,7.316666666666667140e+01
9.810000000000000000e+02,7.250000000000000000e+01
9.820000000000000000e+02,7.183333333333332860e+01
9.830000000000000000e+02,7.116666666666667140e+01
9.840000000000000000e+02,7.050000000000000000e+01
9.850000000000000000e+02,6.983333333333332860e+01
9.860000000000000000e+02,6.916666666666667140e+01
9.870000000000000000e+02,6.850000000000000000e+01
9.880000000000000000e+02,6.783333333333332860e+01
9.890000000000000000e+02,6.750000000000000000e+01
9.900000000000000000e+02,6.716666666666667140e+01
9.910000000000000000e+02,6.683333333333332860e+01
9.920000000000000000e+02,3.635838150289017356e+00
9.930000000000000000e+02,1.000000000000000000e+02
9.940000000000000000e+02,1.000000000000000000e+02
9.950000000000000000e+02,1.000000000000000000e+02
9.960000000000000000e+02,1.000000000000000000e+02
9.970000000000000000e+02,1.000000000000000000e+02
9.980000000000000000e+02,1.000000000000000000e+02
9.990000000000000000e+02,1.000000000000000000e+02
1.000000000000000000e+03,1.000000000000000000e+02
1.001000000000000000e+03,1.000000000000000000e+02
1.002000000000000000e+03,1.000000000000000000e+02
1.003000000000000000e+03,1.000000000000000000e+02
1.004000000000000000e+03,1.000000000000000000e+02
1.005000000000000000e+03,1.000000000000000000e+02
1.006000000000000000e+03,1.000000000000000000e+02
1.007000000000000000e+03,1.000000000000000000e+02
1.008000000000000000e+03,1.000000000000000000e+02
1.009000000000000000e+03,1.000000000000000000e+02
1.010000000000000000e+03,1.000000000000000000e+02
1.011000000000000000e+03,1.000000000000000000e+02
1.012000000000000000e+03,1.000000000000000000e+02
1.013000000000000000e+03,1.000000000000000000e+02
1.014000000000000000e+03,1.000000000000000000e+02
1.015000000000000000e+03,1.000000000000000000e+02
1.016000000000000000e+03,1.000000000000000000e+02
1.017000000000000000e+03,1.000000000000000000e+02
1.018000000000000000e+03,1.000000000000000000e+02
1.019000000000000000e+03,1.000000000000000000e+02
1.020000000000000000e+03,1.000000000000000000e+02
1.021000000000000000e+03,1.000000000000000000e+02
1.022000000000000000e+03,1.000000000000000000e+02
1.023000000000000000e+03,1.000000000000000000e+02
1.024000000000000000e+03,1.000000000000000000e+02
1.025000000000000000e+03,1.000000000000000000e+02
1.026000000000000000e+03,1.000000000000000000e+02
1.027000000000000000e+03,1.000000000000000000e+02
1.028000000000000000e+03,1.000000000000000000e+02
1.029000000000000000e+03,1.000000000000000000e+02
1.030000000000000000e+03,1.000000000000000000e+02
1.031000000000000000e+03,1.000000000000000000e+02
1.032000000000000000e+03,1.000000000000000000e+02
1.033000000000000000e+03,1.000000000000000000e+02
1.034000000000000000e+03,1.000000000000000000e+02
1.035000000000000000e+03,1.000000000000000000e+02
1.036000000000000000e+03,1.000000000000000000e+02
1.037000000000000000e+03,1.000000000000000000e+02
1.038000000000000000e+03,1.000000000000000000e+02
1.039000000000000000e+03,1.000000000000000000e+02
1.040000000000000000e+03,1.000000000000000000e+02
1.041000000000000000e+03,1.000000000000000000e+02
1.042000000000000000e+03,1.000000000000000000e+02
1.043000000000000000e+03,1.000000000000000000e+02
1.044000000000000000e+03,1.000000000000000000e+02
1.045000000000000000e+03,1.000000000000000000e+02
1.046000000000000000e+03,1.000000000000000000e+02
1.047000000000000000e+03,1.000000000000000000e+02
1.048000000000000000e+03,1.000000000000000000e+02
1.049000000000000000e+03,1.000000000000000000e+02
1.050000000000000000e+03,1.000000000000000000e+02
1.051000000000000000e+03,1.000000000000000000e+02
1.052000000000000000e+03,1.000000000000000000e+02
1.053000000000000000e+03,1.000000000000000000e+02
1.054000000000000000e+03,1.000000000000000000e+02
1.055000000000000000e+03,1.000000000000000000e+02
1.056000000000000000e+03,1.000000000000000000e+02
1.057000000000000000e+03,1.000000000000000000e+02
1.058000000000000000e+03,1.000000000000000000e+02
1.059000000000000000e+03,1.000000000000000000e+02
1.060000000000000000e+03,1.000000000000000000e+02
1.061000000000000000e+03,1.000000000000000000e+02
1.062000000000000000e+03,1.000000000000000000e+02
1.063000000000000000e+03,1.000000000000000000e+02
1.064000000000000000e+03,1.000000000000000000e+02
1.065000000000000000e+03,1.000000000000000000e+02
1.066000000000000000e+03,1.000000000000000000e+02
1.067000000000000000e+03,1.000000000000000000e+02
1.068000000000000000e+03,1.000000000000000000e+02
1.069000000000000000e+03,1.000000000000000000e+02
1.070000000000000000e+03,1.000000000000000000e+02
1.071000000000000000e+03,1.000000000000000000e+02
1.072000000000000000e+03,1.000000000000000000e+02
1.073000000000000000e+03,1.000000000000000000e+02
1.074000000000000000e+03,1.000000000000000000e+02
1.075000000000000000e+03,1.000000000000000000e+02
1.076000000000000000e+03,1.000000000000000000e+02
1.077000000000000000e+03,1.000000000000000000e+02
1.078000000000000000e+03,1.000000000000000000e+02
1.079000000000000000e+03,1.000000000000000000e+02
1.080000000000000000e+03,1.000000000000000000e+02
1.081000000000000000e+03,1.000000000000000000e+02
1.082000000000000000e+03,1.000000000000000000e+02
1.083000000000000000e+03,1.000000000000000000e+02
1.084000000000000000e+03,1.000000000000000000e+02
1.085000000000000000e+03,1.000000000000000000e+02
1.086000000000000000e+03,1.000000000000000000e+02
1.087000000000000000e+03,1.000000000000000000e+02
1.088000000000000000e+03,1.000000000000000000e+02
1.089000000000000000e+03,1.000000000000000000e+02
1.090000000000000000e+03,1.000000000000000000e+02
1.091000000000000000e+03,1.000000000000000000e+02
1.092000000000000000e+03,1.000000000000000000e+02
1.093000000000000000e+03,1.000000000000000000e+02
1.094000000000000000e+03,1.000000000000000000e+02
1.095000000000000000e+03,1.000000000000000000e+02
1.096000000000000000e+03,1.000000000000000000e+02
1.097000000000000000e+03,1.000000000000000000e+02
1.098000000000000000e+03,1.000000000000000000e+02
1.099000000000000000e+03,1.000000000000000000e+02
1.100000000000000000e+03,1.000000000000000000e+02
1.101000000000000000e+03,1.000000000000000000e+02
1.102000000000000000e+03,1.000000000000000000e+02
1.103000000000000000e+03,1.000000000000000000e+02
1.104000000000000000e+03,1.000000000000000000e+02
1.105000000000000000e+03,1.000000000000000000e+02
1.106000000000000000e+03,1.000000000000000000e+02
1.107000000000000000e+03,1.000000000000000000e+02
1.108000000000000000e+03,1.000000000000000000e+02
1.109000000000000000e+03,1.000000000000000000e+02
1.110000000000000000e+03,1.000000000000000000e+02
1.111000000000000000e+03,1.000000000000000000e+02
1.112000000000000000e+03,1.000000000000000000e+02
1.113000000000000000e+03,1.000000000000000000e+02
1.114000000000000000e+03,1.000000000000000000e+02
1.115000000000000000e+03,1.000000000000000000e+02
1.116000000000000000e+03,1.000000000000000000e+02
1.117000000000000000e+03,1.000000000000000000e+02
1.118000000000000000e+03,1.000000000000000000e+02
1.119000000000000000e+03,1.000000000000000000e+02
1.120000000000000000e+03,1.000000000000000000e+02
1.121000000000000000e+03,1.000000000000000000e+02
1.122000000000000000e+03,1.000000000000000000e+02
1.123000000000000000e+03,1.000000000000000000e+02
1.124000000000000000e+03,1.000000000000000000e+02
1.125000000000000000e+03,1.000000000000000000e+02
1.126000000000000000e+03,1.000000000000000000e+02
1.127000000000000000e+03,1.000000000000000000e+02
1.128000000000000000e+03,1.000000000000000000e+02
1.129000000000000000e+03,1.000000000000000000e+02
1.130000000000000000e+03,1.000000000000000000e+02
1.131000000000000000e+03,1.000000000000000000e+02
1.132000000000000000e+03,1.000000000000000000e+02
1.133000000000000000e+03,1.000000000000000000e+02
1.134000000000000000e+03,1.000000000000000000e+02
1.135000000000000000e+03,1.000000000000000000e+02
1.136000000000000000e+03,1.000000000000000000e+02
1.137000000000000000e+03,1.000000000000000000e+02
1.138000000000000000e+03,1.000000000000000000e+02
1.139000000000000000e+03,1.000000000000000000e+02
1.140000000000000000e+03,1.000000000000000000e+02
1.141000000000000000e+03,1.000000000000000000e+02
1.142000000000000000e+03,1.000000000000000000e+02
1.143000000000000000e+03,1.000000000000000000e+02
1.144000000000000000e+03,1.000000000000000000e+02
1.145000000000000000e+03,1.000000000000000000e+02
1.146000000000000000e+03,1.000000000000000000e+02
1.147000000000000000e+03,1.000000000000000000e+02
1.148000000000000000e+03,1.000000000000000000e+02
1.149000000000000000e+03,1.000000000000000000e+02
1.150000000000000000e+03,1.000000000000000000e+02
1.151000000000000000e+03,1.000000000000000000e+02
1.152000000000000000e+03,1.000000000000000000e+02
1.153000000000000000e+03,1.000000000000000000e+02
1.154000000000000000e+03,1.000000000000000000e+02
1.155000000000000000e+03,1.000000000000000000e+02
1.156000000000000000e+03,1.000000000000000000e+02
1.157000000000000000e+03,1.000000000000000000e+02
1.158000000000000000e+03,1.000000000000000000e+02
1.159000000000000000e+03,1.000000000000000000e+02
1.160000000000000000e+03,1.000000000000000000e+02
1.161000000000000000e+03,1.000000000000000000e+02
1.162000000000000000e+03,1.000000000000000000e+02
1.163000000000000000e+03,1.000000000000000000e+02
1.164000000000000000e+03,1.000000000000000000e+02
