time,avg_delay
1.500000000000000000e+01,0.000000000000000000e+00
1.600000000000000000e+01,0.000000000000000000e+00
1.700000000000000000e+01,0.000000000000000000e+00
1.800000000000000000e+01,0.000000000000000000e+00
1.900000000000000000e+01,0.000000000000000000e+00
2.000000000000000000e+01,0.000000000000000000e+00
2.100000000000000000e+01,0.000000000000000000e+00
2.200000000000000000e+01,0.000000000000000000e+00
2.300000000000000000e+01,0.000000000000000000e+00
2.400000000000000000e+01,0.000000000000000000e+00
2.500000000000000000e+01,0.000000000000000000e+00
2.600000000000000000e+01,0.000000000000000000e+00
2.700000000000000000e+01,0.000000000000000000e+00
2.800000000000000000e+01,0.000000000000000000e+00
2.900000000000000000e+01,0.000000000000000000e+00
3.000000000000000000e+01,0.000000000000000000e+00
3.100000000000000000e+01,0.000000000000000000e+00
3.200000000000000000e+01,0.000000000000000000e+00
3.300000000000000000e+01,0.000000000000000000e+00
3.400000000000000000e+01,0.000000000000000000e+00
3.500000000000000000e+01,0.000000000000000000e+00
3.600000000000000000e+01,0.000000000000000000e+00
3.700000000000000000e+01,0.000000000000000000e+00
3.800000000000000000e+01,0.000000000000000000e+00
3.900000000000000000e+01,0.000000000000000000e+00
4.000000000000000000e+01,0.000000000000000000e+00
4.100000000000000000e+01,0.000000000000000000e+00
4.200000000000000000e+01,0.000000000000000000e+00
4.300000000000000000e+01,0.000000000000000000e+00
4.400000000000000000e+01,0.000000000000000000e+00
4.500000000000000000e+01,0.000000000000000000e+00
4.600000000000000000e+01,0.000000000000000000e+00
4.700000000000000000e+01,0.000000000000000000e+00
4.800000000000000000e+01,0.000000000000000000e+00
4.900000000000000000e+01,0.000000000000000000e+00
5.000000000000000000e+01,0.000000000000000000e+00
5.100000000000000000e+01,0.000000000000000000e+00
5.200000000000000000e+01,0.000000000000000000e+00
5.300000000000000000e+01,0.000000000000000000e+00
5.400000000000000000e+01,0.000000000000000000e+00
5.500000000000000000e+01,0.000000000000000000e+00
5.600000000000000000e+01,0.000000000000000000e+00
5.700000000000000000e+01,0.000000000000000000e+00
5.800000000000000000e+01,0.000000000000000000e+00
5.900000000000000000e+01,0.000000000000000000e+00
6.000000000000000000e+01,0.000000000000000000e+00
6.100000000000000000e+01,0.000000000000000000e+00
6.200000000000000000e+01,0.000000000000000000e+00
6.300000000000000000e+01,0.000000000000000000e+00
6.400000000000000000e+01,6.666666666666667095e-03
6.500000000000000000e+01,1.333333333333333419e-02
6.600000000000000000e+01,2.000000000000000042e-02
6.700000000000000000e+01,2.666666666666666838e-02
6.800000000000000000e+01,6.666666666666666574e-02
6.900000000000000000e+01,1.066666666666666735e-01
7.000000000000000000e+01,1.400000000000000133e-01
7.100000000000000000e+01,1.733333333333333393e-01
7.200000000000000000e+01,2.000000000000000111e-01
7.300000000000000000e+01,2.200000000000000011e-01
7.400000000000000000e+01,2.399999999999999911e-01
7.500000000000000000e+01,2.533333333333333548e-01
7.600000000000000000e+01,2.666666666666666630e-01
7.700000000000000000e+01,2.800000000000000266e-01
7.800000000000000000e+01,2.933333333333333348e-01
7.900000000000000000e+01,3.133333333333333526e-01
8.000000000000000000e+01,3.333333333333333148e-01
8.100000000000000000e+01,3.533333333333333326e-01
8.200000000000000000e+01,3.733333333333333504e-01
8.300000000000000000e+01,3.933333333333333126e-01
8.400000000000000000e+01,4.133333333333333304e-01
8.500000000000000000e+01,4.333333333333333481e-01
8.600000000000000000e+01,4.533333333333333104e-01
8.700000000000000000e+01,4.733333333333333282e-01
8.800000000000000000e+01,4.933333333333333459e-01
8.900000000000000000e+01,5.133333333333333082e-01
9.000000000000000000e+01,5.333333333333333259e-01
9.100000000000000000e+01,5.533333333333333437e-01
9.200000000000000000e+01,5.733333333333333615e-01
9.300000000000000000e+01,5.933333333333333792e-01
9.400000000000000000e+01,6.066666666666666874e-01
9.500000000000000000e+01,6.266666666666667052e-01
9.600000000000000000e+01,6.533333333333333215e-01
9.700000000000000000e+01,6.800000000000000488e-01
9.800000000000000000e+01,6.733333333333333393e-01
9.900000000000000000e+01,6.666666666666666297e-01
1.000000000000000000e+02,6.666666666666666297e-01
1.010000000000000000e+02,6.666666666666666297e-01
1.020000000000000000e+02,6.733333333333333393e-01
1.030000000000000000e+02,6.866666666666666474e-01
1.040000000000000000e+02,6.999999999999999556e-01
1.050000000000000000e+02,7.199999999999999734e-01
1.060000000000000000e+02,2.693333333333333357e+00
1.070000000000000000e+02,4.666666666666666963e+00
1.080000000000000000e+02,6.639999999999999680e+00
1.090000000000000000e+02,8.606666666666667354e+00
1.100000000000000000e+02,1.056666666666666643e+01
1.110000000000000000e+02,1.252666666666666728e+01
1.120000000000000000e+02,1.349333333333333407e+01
1.130000000000000000e+02,1.446000000000000085e+01
1.140000000000000000e+02,1.541999999999999993e+01
1.150000000000000000e+02,1.626000000000000156e+01
1.160000000000000000e+02,1.709333333333333371e+01
1.170000000000000000e+02,1.794666666666666544e+01
1.180000000000000000e+02,1.880000000000000071e+01
1.190000000000000000e+02,2.080666666666666842e+01
1.200000000000000000e+02,2.281333333333333258e+01
1.210000000000000000e+02,2.486666666666666714e+01
1.220000000000000000e+02,2.692000000000000171e+01
1.230000000000000000e+02,2.895333333333333314e+01
1.240000000000000000e+02,3.311999999999999744e+01
1.250000000000000000e+02,3.720000000000000284e+01
1.260000000000000000e+02,4.125999999999999801e+01
1.270000000000000000e+02,4.533333333333333570e+01
1.280000000000000000e+02,4.939999999999999858e+01
1.290000000000000000e+02,5.344666666666666544e+01
1.300000000000000000e+02,5.747333333333333627e+01
1.310000000000000000e+02,6.150666666666666771e+01
1.320000000000000000e+02,6.551333333333333542e+01
1.330000000000000000e+02,6.952666666666667084e+01
1.340000000000000000e+02,7.340666666666666629e+01
1.350000000000000000e+02,7.727333333333332632e+01
1.360000000000000000e+02,7.832666666666666799e+01
1.370000000000000000e+02,8.056000000000000227e+01
1.380000000000000000e+02,8.277333333333332632e+01
1.390000000000000000e+02,8.499333333333333940e+01
1.400000000000000000e+02,8.698000000000000398e+01
1.410000000000000000e+02,8.894666666666667254e+01
1.420000000000000000e+02,9.190666666666666629e+01
1.430000000000000000e+02,9.628000000000000114e+01
1.440000000000000000e+02,1.006400000000000006e+02
1.450000000000000000e+02,1.051266666666666652e+02
1.460000000000000000e+02,1.096599999999999966e+02
1.470000000000000000e+02,1.141666666666666714e+02
1.480000000000000000e+02,1.186666666666666714e+02
1.490000000000000000e+02,1.219933333333333394e+02
1.500000000000000000e+02,1.252999999999999972e+02
1.510000000000000000e+02,1.285600000000000023e+02
1.520000000000000000e+02,1.309933333333333394e+02
1.530000000000000000e+02,1.334266666666666765e+02
1.540000000000000000e+02,1.328733333333333348e+02
1.550000000000000000e+02,1.323933333333333451e+02
1.560000000000000000e+02,1.319066666666666663e+02
1.570000000000000000e+02,1.314066666666666663e+02
1.580000000000000000e+02,1.309333333333333371e+02
1.590000000000000000e+02,1.304666666666666686e+02
1.600000000000000000e+02,1.300000000000000000e+02
1.610000000000000000e+02,1.295466666666666526e+02
1.620000000000000000e+02,1.290999999999999943e+02
1.630000000000000000e+02,1.286266666666666652e+02
1.640000000000000000e+02,1.283066666666666720e+02
1.650000000000000000e+02,1.279800000000000040e+02
1.660000000000000000e+02,1.285066666666666606e+02
1.670000000000000000e+02,1.278599999999999994e+02
1.680000000000000000e+02,1.272266666666666737e+02
1.690000000000000000e+02,1.265666666666666629e+02
1.700000000000000000e+02,1.261666666666666714e+02
1.710000000000000000e+02,1.257600000000000051e+02
1.720000000000000000e+02,1.253333333333333286e+02
1.730000000000000000e+02,1.235133333333333354e+02
1.740000000000000000e+02,1.216866666666666674e+02
1.750000000000000000e+02,1.198466666666666640e+02
1.760000000000000000e+02,1.179800000000000040e+02
1.770000000000000000e+02,1.160999999999999943e+02
1.780000000000000000e+02,1.142066666666666634e+02
1.790000000000000000e+02,1.123266666666666680e+02
1.800000000000000000e+02,1.104466666666666725e+02
1.810000000000000000e+02,1.085466666666666669e+02
1.820000000000000000e+02,1.074733333333333292e+02
1.830000000000000000e+02,1.064066666666666663e+02
1.840000000000000000e+02,1.061666666666666714e+02
1.850000000000000000e+02,1.062866666666666617e+02
1.860000000000000000e+02,1.064000000000000057e+02
1.870000000000000000e+02,1.065000000000000000e+02
1.880000000000000000e+02,1.065666666666666629e+02
1.890000000000000000e+02,1.066200000000000045e+02
1.900000000000000000e+02,1.066800000000000068e+02
1.910000000000000000e+02,1.067133333333333383e+02
1.920000000000000000e+02,1.067399999999999949e+02
1.930000000000000000e+02,1.067600000000000051e+02
1.940000000000000000e+02,1.067600000000000051e+02
1.950000000000000000e+02,1.067533333333333303e+02
1.960000000000000000e+02,1.067266666666666737e+02
1.970000000000000000e+02,1.067866666666666617e+02
1.980000000000000000e+02,1.068533333333333388e+02
1.990000000000000000e+02,1.069133333333333269e+02
2.000000000000000000e+02,1.061866666666666674e+02
2.010000000000000000e+02,1.054599999999999937e+02
2.020000000000000000e+02,1.047600000000000051e+02
2.030000000000000000e+02,1.040266666666666708e+02
2.040000000000000000e+02,1.032999999999999972e+02
2.050000000000000000e+02,1.025666666666666629e+02
2.060000000000000000e+02,1.018066666666666720e+02
2.070000000000000000e+02,1.010666666666666629e+02
2.080000000000000000e+02,1.003533333333333388e+02
2.090000000000000000e+02,9.954000000000000625e+01
2.100000000000000000e+02,9.874666666666666970e+01
2.110000000000000000e+02,9.916666666666667140e+01
2.120000000000000000e+02,9.955333333333332746e+01
2.130000000000000000e+02,9.998000000000000398e+01
2.140000000000000000e+02,1.004466666666666725e+02
2.150000000000000000e+02,9.993288590604026922e+01
2.160000000000000000e+02,9.857432432432432279e+01
2.170000000000000000e+02,9.721768707482992511e+01
2.180000000000000000e+02,9.586301369863014088e+01
2.190000000000000000e+02,9.452413793103448825e+01
2.200000000000000000e+02,9.318750000000000000e+01
2.210000000000000000e+02,9.183916083916084006e+01
2.220000000000000000e+02,9.051408450704225572e+01
2.230000000000000000e+02,8.919858156028368512e+01
2.240000000000000000e+02,8.786428571428571388e+01
2.250000000000000000e+02,8.653237410071942293e+01
2.260000000000000000e+02,8.521014492753623415e+01
2.270000000000000000e+02,8.375182481751825492e+01
2.280000000000000000e+02,8.227205882352940591e+01
2.290000000000000000e+02,8.078518518518518476e+01
2.300000000000000000e+02,8.013432835820896116e+01
2.310000000000000000e+02,7.948872180451127178e+01
2.320000000000000000e+02,7.882575757575757791e+01
2.330000000000000000e+02,7.816793893129771220e+01
2.340000000000000000e+02,7.750769230769230944e+01
2.350000000000000000e+02,7.685271317829457871e+01
2.360000000000000000e+02,7.620312500000000000e+01
2.370000000000000000e+02,7.553543307086614789e+01
2.380000000000000000e+02,7.484126984126983473e+01
2.390000000000000000e+02,7.551200000000000045e+01
2.400000000000000000e+02,7.618548387096774377e+01
2.410000000000000000e+02,7.540650406504065018e+01
2.420000000000000000e+02,7.464754098360656087e+01
2.430000000000000000e+02,7.386776859504132631e+01
2.440000000000000000e+02,7.306666666666666288e+01
2.450000000000000000e+02,7.319166666666666288e+01
2.460000000000000000e+02,7.438333333333333997e+01
2.470000000000000000e+02,7.556666666666666288e+01
2.480000000000000000e+02,7.674166666666666003e+01
2.490000000000000000e+02,7.789166666666666572e+01
2.500000000000000000e+02,7.904166666666667140e+01
2.510000000000000000e+02,8.019166666666666288e+01
2.520000000000000000e+02,8.132500000000000284e+01
2.530000000000000000e+02,8.245000000000000284e+01
2.540000000000000000e+02,8.354166666666667140e+01
2.550000000000000000e+02,8.463333333333333997e+01
2.560000000000000000e+02,8.571666666666666856e+01
2.570000000000000000e+02,8.681666666666666288e+01
2.580000000000000000e+02,8.774789915966385934e+01
2.590000000000000000e+02,8.869491525423728717e+01
2.600000000000000000e+02,8.964957264957264726e+01
2.610000000000000000e+02,9.062068965517241281e+01
2.620000000000000000e+02,9.159999999999999432e+01
2.630000000000000000e+02,9.258771929824561653e+01
2.640000000000000000e+02,9.359292035398230780e+01
2.650000000000000000e+02,9.459821428571429180e+01
2.660000000000000000e+02,9.561261261261260813e+01
2.670000000000000000e+02,9.664545454545454106e+01
2.680000000000000000e+02,9.768807339449541871e+01
2.690000000000000000e+02,9.729629629629629051e+01
2.700000000000000000e+02,9.688785046728972361e+01
2.710000000000000000e+02,9.646226415094339757e+01
2.720000000000000000e+02,9.603809523809523796e+01
2.730000000000000000e+02,9.555769230769230660e+01
2.740000000000000000e+02,9.503883495145630889e+01
2.750000000000000000e+02,9.459803921568627061e+01
2.760000000000000000e+02,9.412871287128713504e+01
2.770000000000000000e+02,9.364000000000000057e+01
2.780000000000000000e+02,9.313131313131313505e+01
2.790000000000000000e+02,9.261224489795918657e+01
2.800000000000000000e+02,9.206185567010309967e+01
2.810000000000000000e+02,9.147916666666667140e+01
2.820000000000000000e+02,9.088421052631578334e+01
2.830000000000000000e+02,9.026595744680851396e+01
2.840000000000000000e+02,8.966666666666667140e+01
2.850000000000000000e+02,8.904347826086956275e+01
2.860000000000000000e+02,8.839560439560439420e+01
2.870000000000000000e+02,8.773333333333333428e+01
2.880000000000000000e+02,8.726666666666666572e+01
2.890000000000000000e+02,8.681111111111111711e+01
2.900000000000000000e+02,8.634444444444444855e+01
2.910000000000000000e+02,8.588888888888888573e+01
2.920000000000000000e+02,8.543333333333333712e+01
2.930000000000000000e+02,8.497777777777777430e+01
2.940000000000000000e+02,8.634065934065934300e+01
2.950000000000000000e+02,8.766304347826087451e+01
2.960000000000000000e+02,8.894623655913979121e+01
2.970000000000000000e+02,9.020212765957447232e+01
2.980000000000000000e+02,9.143157894736842195e+01
2.990000000000000000e+02,9.261458333333332860e+01
3.000000000000000000e+02,9.378350515463917247e+01
3.010000000000000000e+02,9.491836734693877986e+01
3.020000000000000000e+02,9.602020202020202078e+01
3.030000000000000000e+02,9.709999999999999432e+01
3.040000000000000000e+02,9.814851485148514598e+01
3.050000000000000000e+02,9.915686274509803866e+01
3.060000000000000000e+02,1.001456310679611619e+02
3.070000000000000000e+02,1.011153846153846132e+02
3.080000000000000000e+02,1.020476190476190510e+02
3.090000000000000000e+02,1.029716981132075517e+02
3.100000000000000000e+02,1.038598130841121474e+02
3.110000000000000000e+02,1.047314814814814810e+02
3.120000000000000000e+02,1.055779816513761489e+02
3.130000000000000000e+02,1.064000000000000057e+02
3.140000000000000000e+02,1.071981981981981988e+02
3.150000000000000000e+02,1.079821428571428612e+02
3.160000000000000000e+02,1.087522123893805315e+02
3.170000000000000000e+02,1.094912280701754383e+02
3.180000000000000000e+02,1.102260869565217405e+02
3.190000000000000000e+02,1.109310344827586192e+02
3.200000000000000000e+02,1.116239316239316253e+02
3.210000000000000000e+02,1.122966101694915295e+02
3.220000000000000000e+02,1.129495798319327662e+02
3.230000000000000000e+02,1.135833333333333286e+02
3.240000000000000000e+02,1.130750000000000028e+02
3.250000000000000000e+02,1.125750000000000028e+02
3.260000000000000000e+02,1.120666666666666629e+02
3.270000000000000000e+02,1.115583333333333371e+02
3.280000000000000000e+02,1.110416666666666714e+02
3.290000000000000000e+02,1.105333333333333314e+02
3.300000000000000000e+02,1.100083333333333400e+02
3.310000000000000000e+02,1.094833333333333343e+02
3.320000000000000000e+02,1.089666666666666686e+02
3.330000000000000000e+02,1.084416666666666629e+02
3.340000000000000000e+02,1.079249999999999972e+02
3.350000000000000000e+02,1.074000000000000057e+02
3.360000000000000000e+02,1.068750000000000000e+02
3.370000000000000000e+02,1.063583333333333343e+02
3.380000000000000000e+02,1.058499999999999943e+02
3.390000000000000000e+02,1.053250000000000028e+02
3.400000000000000000e+02,1.048083333333333371e+02
3.410000000000000000e+02,1.042916666666666714e+02
3.420000000000000000e+02,1.037666666666666657e+02
3.430000000000000000e+02,1.032583333333333400e+02
3.440000000000000000e+02,1.027416666666666600e+02
3.450000000000000000e+02,1.022249999999999943e+02
3.460000000000000000e+02,1.017083333333333286e+02
3.470000000000000000e+02,1.012000000000000028e+02
3.480000000000000000e+02,1.006749999999999972e+02
3.490000000000000000e+02,1.001583333333333314e+02
3.500000000000000000e+02,9.964166666666666572e+01
3.510000000000000000e+02,9.911666666666666003e+01
3.520000000000000000e+02,9.860833333333333428e+01
3.530000000000000000e+02,9.809166666666666856e+01
3.540000000000000000e+02,9.757500000000000284e+01
3.550000000000000000e+02,9.705833333333333712e+01
3.560000000000000000e+02,9.654999999999999716e+01
3.570000000000000000e+02,9.603333333333333144e+01
3.580000000000000000e+02,9.551666666666666572e+01
3.590000000000000000e+02,9.500000000000000000e+01
3.600000000000000000e+02,9.448333333333333428e+01
3.610000000000000000e+02,9.397499999999999432e+01
3.620000000000000000e+02,9.345000000000000284e+01
3.630000000000000000e+02,9.294166666666666288e+01
3.640000000000000000e+02,9.242499999999999716e+01
3.650000000000000000e+02,9.191666666666667140e+01
3.660000000000000000e+02,9.140000000000000568e+01
3.670000000000000000e+02,9.086666666666666003e+01
3.680000000000000000e+02,9.034166666666666856e+01
3.690000000000000000e+02,8.981666666666666288e+01
3.700000000000000000e+02,8.929166666666667140e+01
3.710000000000000000e+02,8.875833333333333997e+01
3.720000000000000000e+02,8.824166666666666003e+01
3.730000000000000000e+02,8.771666666666666856e+01
3.740000000000000000e+02,8.720000000000000284e+01
3.750000000000000000e+02,8.668333333333333712e+01
3.760000000000000000e+02,8.616666666666667140e+01
3.770000000000000000e+02,8.565000000000000568e+01
3.780000000000000000e+02,8.514166666666666572e+01
3.790000000000000000e+02,8.443697478991596483e+01
3.800000000000000000e+02,8.372881355932203462e+01
3.810000000000000000e+02,8.641525423728813848e+01
3.820000000000000000e+02,8.883050847457627697e+01
3.830000000000000000e+02,9.127118644067796538e+01
3.840000000000000000e+02,9.372033898305085131e+01
3.850000000000000000e+02,9.616949152542372303e+01
3.860000000000000000e+02,9.642372881355932179e+01
3.870000000000000000e+02,9.671186440677966800e+01
3.880000000000000000e+02,9.700000000000000000e+01
3.890000000000000000e+02,9.745762711864406924e+01
3.900000000000000000e+02,9.792372881355932179e+01
3.910000000000000000e+02,9.838135593220339103e+01
3.920000000000000000e+02,9.883898305084746028e+01
3.930000000000000000e+02,9.859829059829060327e+01
3.940000000000000000e+02,9.836206896551723844e+01
3.950000000000000000e+02,9.813043478260870245e+01
3.960000000000000000e+02,9.777192982456139703e+01
3.970000000000000000e+02,9.741592920353981810e+01
3.980000000000000000e+02,9.703571428571429180e+01
3.990000000000000000e+02,9.665765765765765138e+01
4.000000000000000000e+02,9.628181818181818130e+01
4.010000000000000000e+02,9.591743119266054407e+01
4.020000000000000000e+02,9.552777777777777146e+01
4.030000000000000000e+02,9.514018691588785259e+01
4.040000000000000000e+02,9.476415094339623124e+01
4.050000000000000000e+02,9.439047619047619264e+01
4.060000000000000000e+02,9.401923076923077360e+01
4.070000000000000000e+02,9.363106796116504427e+01
4.080000000000000000e+02,9.324509803921569073e+01
4.090000000000000000e+02,9.300980392156863275e+01
4.100000000000000000e+02,9.276470588235294201e+01
4.110000000000000000e+02,8.864356435643564680e+01
4.120000000000000000e+02,8.478000000000000114e+01
4.130000000000000000e+02,8.081818181818181301e+01
4.140000000000000000e+02,7.676530612244897611e+01
4.150000000000000000e+02,7.263917525773196360e+01
4.160000000000000000e+02,7.211458333333332860e+01
4.170000000000000000e+02,7.155789473684210122e+01
4.180000000000000000e+02,7.102127659574468055e+01
4.190000000000000000e+02,7.026881720430107237e+01
4.200000000000000000e+02,6.951086956521739069e+01
4.210000000000000000e+02,6.876923076923077360e+01
4.220000000000000000e+02,6.801111111111110574e+01
4.230000000000000000e+02,6.850000000000000000e+01
4.240000000000000000e+02,6.900000000000000000e+01
4.250000000000000000e+02,6.951111111111110574e+01
4.260000000000000000e+02,7.020000000000000284e+01
4.270000000000000000e+02,7.088888888888888573e+01
4.280000000000000000e+02,7.161111111111111427e+01
4.290000000000000000e+02,7.228888888888889142e+01
4.300000000000000000e+02,7.295555555555554861e+01
4.310000000000000000e+02,7.361111111111111427e+01
4.320000000000000000e+02,7.427777777777777146e+01
4.330000000000000000e+02,7.494444444444444287e+01
4.340000000000000000e+02,7.558888888888888857e+01
4.350000000000000000e+02,7.623333333333333428e+01
4.360000000000000000e+02,7.688888888888888573e+01
4.370000000000000000e+02,7.755555555555555713e+01
4.380000000000000000e+02,7.822222222222222854e+01
4.390000000000000000e+02,7.888888888888888573e+01
4.400000000000000000e+02,7.957777777777778283e+01
4.410000000000000000e+02,8.029999999999999716e+01
4.420000000000000000e+02,8.098888888888889426e+01
4.430000000000000000e+02,8.170000000000000284e+01
4.440000000000000000e+02,8.243333333333333712e+01
4.450000000000000000e+02,8.316666666666667140e+01
4.460000000000000000e+02,8.285555555555555429e+01
4.470000000000000000e+02,8.255555555555555713e+01
4.480000000000000000e+02,8.224444444444444002e+01
4.490000000000000000e+02,8.193333333333333712e+01
4.500000000000000000e+02,8.163333333333333997e+01
4.510000000000000000e+02,8.133333333333332860e+01
4.520000000000000000e+02,8.104444444444445139e+01
4.530000000000000000e+02,8.076666666666666572e+01
4.540000000000000000e+02,8.048888888888889426e+01
4.550000000000000000e+02,8.021111111111110858e+01
4.560000000000000000e+02,7.994444444444444287e+01
4.570000000000000000e+02,7.967777777777777715e+01
4.580000000000000000e+02,7.941111111111111143e+01
4.590000000000000000e+02,7.921111111111110858e+01
4.600000000000000000e+02,7.902222222222222570e+01
4.610000000000000000e+02,7.885555555555555429e+01
4.620000000000000000e+02,7.871111111111110858e+01
4.630000000000000000e+02,7.856666666666666288e+01
4.640000000000000000e+02,7.843333333333333712e+01
4.650000000000000000e+02,7.831111111111111711e+01
4.660000000000000000e+02,7.818888888888888289e+01
4.670000000000000000e+02,7.806666666666666288e+01
4.680000000000000000e+02,7.795555555555554861e+01
4.690000000000000000e+02,7.784444444444444855e+01
4.700000000000000000e+02,7.773333333333333428e+01
4.710000000000000000e+02,7.761111111111111427e+01
4.720000000000000000e+02,7.748888888888889426e+01
4.730000000000000000e+02,7.736666666666666003e+01
4.740000000000000000e+02,7.724444444444444002e+01
4.750000000000000000e+02,7.784269662921347788e+01
4.760000000000000000e+02,8.155056179775280611e+01
4.770000000000000000e+02,8.232584269662920917e+01
4.780000000000000000e+02,8.308988764044943309e+01
4.790000000000000000e+02,8.385393258426965701e+01
4.800000000000000000e+02,8.460674157303370180e+01
4.810000000000000000e+02,8.535955056179774658e+01
4.820000000000000000e+02,8.611235955056179137e+01
4.830000000000000000e+02,8.684269662921347788e+01
4.840000000000000000e+02,8.757303370786516439e+01
4.850000000000000000e+02,8.830337078651685090e+01
4.860000000000000000e+02,8.902247191011235827e+01
4.870000000000000000e+02,8.974157303370786565e+01
4.880000000000000000e+02,9.044943820224719389e+01
4.890000000000000000e+02,9.113483146067416385e+01
4.900000000000000000e+02,9.180898876404494047e+01
4.910000000000000000e+02,9.246067415730337302e+01
4.920000000000000000e+02,9.310112359550561223e+01
4.930000000000000000e+02,9.373033707865168651e+01
4.940000000000000000e+02,9.434831460674156745e+01
4.950000000000000000e+02,9.494382022471910432e+01
4.960000000000000000e+02,9.552808988764044784e+01
4.970000000000000000e+02,9.611235955056179137e+01
4.980000000000000000e+02,9.667415730337079083e+01
4.990000000000000000e+02,9.722471910112359694e+01
5.000000000000000000e+02,9.775280898876404478e+01
5.010000000000000000e+02,9.825842696629213435e+01
5.020000000000000000e+02,9.876404494382022392e+01
5.030000000000000000e+02,9.924719101123595522e+01
5.040000000000000000e+02,9.970786516853932824e+01
5.050000000000000000e+02,9.920000000000000284e+01
5.060000000000000000e+02,9.585555555555555429e+01
5.070000000000000000e+02,9.538888888888888573e+01
5.080000000000000000e+02,9.492222222222221717e+01
5.090000000000000000e+02,9.444444444444444287e+01
5.100000000000000000e+02,9.396666666666666856e+01
5.110000000000000000e+02,9.346666666666666856e+01
5.120000000000000000e+02,9.296666666666666856e+01
5.130000000000000000e+02,9.246666666666666856e+01
5.140000000000000000e+02,9.195555555555554861e+01
5.150000000000000000e+02,9.143333333333333712e+01
5.160000000000000000e+02,9.090000000000000568e+01
5.170000000000000000e+02,9.036666666666666003e+01
5.180000000000000000e+02,8.982222222222222285e+01
5.190000000000000000e+02,8.927777777777777146e+01
5.200000000000000000e+02,8.874444444444444002e+01
5.210000000000000000e+02,8.821111111111110858e+01
5.220000000000000000e+02,8.766666666666667140e+01
5.230000000000000000e+02,8.712222222222222001e+01
5.240000000000000000e+02,8.657777777777778283e+01
5.250000000000000000e+02,8.974725274725274460e+01
5.260000000000000000e+02,9.282608695652173481e+01
5.270000000000000000e+02,9.229347826086956275e+01
5.280000000000000000e+02,9.176086956521739069e+01
5.290000000000000000e+02,9.122826086956521863e+01
5.300000000000000000e+02,9.070652173913043725e+01
5.310000000000000000e+02,9.018478260869565588e+01
5.320000000000000000e+02,8.966304347826087451e+01
5.330000000000000000e+02,8.914130434782609314e+01
5.340000000000000000e+02,9.209677419354838435e+01
5.350000000000000000e+02,9.497872340425531945e+01
5.360000000000000000e+02,9.781052631578947398e+01
5.370000000000000000e+02,9.965625000000000000e+01
5.380000000000000000e+02,1.014639175257731978e+02
5.390000000000000000e+02,1.032244897959183731e+02
5.400000000000000000e+02,1.049393939393939377e+02
5.410000000000000000e+02,1.066200000000000045e+02
5.420000000000000000e+02,1.082574257425742559e+02
5.430000000000000000e+02,1.104509803921568647e+02
5.440000000000000000e+02,1.145480769230769198e+02
5.450000000000000000e+02,1.182075471698113205e+02
5.460000000000000000e+02,1.217314814814814810e+02
5.470000000000000000e+02,1.251181818181818244e+02
5.480000000000000000e+02,1.283660714285714164e+02
5.490000000000000000e+02,1.315087719298245474e+02
5.500000000000000000e+02,1.345258620689655231e+02
5.510000000000000000e+02,1.374237288135593360e+02
5.520000000000000000e+02,1.402249999999999943e+02
5.530000000000000000e+02,1.429180327868852487e+02
5.540000000000000000e+02,1.455161290322580783e+02
5.550000000000000000e+02,1.447419354838709751e+02
5.560000000000000000e+02,1.450560000000000116e+02
5.570000000000000000e+02,1.475275590551181040e+02
5.580000000000000000e+02,1.499147286821705336e+02
5.590000000000000000e+02,1.512615384615384642e+02
5.600000000000000000e+02,1.535151515151515014e+02
5.610000000000000000e+02,1.556940298507462614e+02
5.620000000000000000e+02,1.577941176470588118e+02
5.630000000000000000e+02,1.590000000000000000e+02
5.640000000000000000e+02,1.591739130434782510e+02
5.650000000000000000e+02,1.593453237410072063e+02
5.660000000000000000e+02,1.594928571428571331e+02
5.670000000000000000e+02,1.594785714285714278e+02
5.680000000000000000e+02,1.602411347517730462e+02
5.690000000000000000e+02,1.609859154929577585e+02
5.700000000000000000e+02,1.617202797202797342e+02
5.710000000000000000e+02,1.616993006993006929e+02
5.720000000000000000e+02,1.624166666666666572e+02
5.730000000000000000e+02,1.626965517241379189e+02
5.740000000000000000e+02,1.619172413793103544e+02
5.750000000000000000e+02,1.606180555555555429e+02
5.760000000000000000e+02,1.600277777777777715e+02
5.770000000000000000e+02,1.594305555555555429e+02
5.780000000000000000e+02,1.588333333333333428e+02
5.790000000000000000e+02,1.569510489510489606e+02
5.800000000000000000e+02,1.558041958041958139e+02
5.810000000000000000e+02,1.546573426573426673e+02
5.820000000000000000e+02,1.534965034965034931e+02
5.830000000000000000e+02,1.516056338028168966e+02
5.840000000000000000e+02,1.504507042253521263e+02
5.850000000000000000e+02,1.501958041958041861e+02
5.860000000000000000e+02,1.490419580419580541e+02
5.870000000000000000e+02,1.471338028169014081e+02
5.880000000000000000e+02,1.459718309859154886e+02
5.890000000000000000e+02,1.457412587412587470e+02
5.900000000000000000e+02,1.445944055944056004e+02
5.910000000000000000e+02,1.434475524475524537e+02
5.920000000000000000e+02,1.423146853146853061e+02
5.930000000000000000e+02,1.420902777777777715e+02
5.940000000000000000e+02,1.409583333333333428e+02
5.950000000000000000e+02,1.398263888888888857e+02
5.960000000000000000e+02,1.386944444444444571e+02
5.970000000000000000e+02,1.390000000000000000e+02
5.980000000000000000e+02,1.384068965517241452e+02
5.990000000000000000e+02,1.378206896551724014e+02
6.000000000000000000e+02,1.372344827586206861e+02
6.010000000000000000e+02,1.375547945205479436e+02
6.020000000000000000e+02,1.369726027397260282e+02
6.030000000000000000e+02,1.364178082191780845e+02
6.040000000000000000e+02,1.358767123287671268e+02
6.050000000000000000e+02,1.362176870748299393e+02
6.060000000000000000e+02,1.356870748299319587e+02
6.070000000000000000e+02,1.351632653061224403e+02
6.080000000000000000e+02,1.350136054421768677e+02
6.090000000000000000e+02,1.362567567567567437e+02
6.100000000000000000e+02,1.366283783783783861e+02
6.110000000000000000e+02,1.370067567567567437e+02
6.120000000000000000e+02,1.373918918918919019e+02
6.130000000000000000e+02,1.385838926174496635e+02
6.140000000000000000e+02,1.389597315436241729e+02
6.150000000000000000e+02,1.393892617449664328e+02
6.160000000000000000e+02,1.398187919463087212e+02
6.170000000000000000e+02,1.410133333333333212e+02
6.180000000000000000e+02,1.408120805369127595e+02
6.190000000000000000e+02,1.412416107382550194e+02
6.200000000000000000e+02,1.416711409395973078e+02
6.210000000000000000e+02,1.421073825503355579e+02
6.220000000000000000e+02,1.419189189189189051e+02
6.230000000000000000e+02,1.423513513513513544e+02
6.240000000000000000e+02,1.427837837837837753e+02
6.250000000000000000e+02,1.432094594594594525e+02
6.260000000000000000e+02,1.430544217687074706e+02
6.270000000000000000e+02,1.423129251700680413e+02
6.280000000000000000e+02,1.415714285714285836e+02
6.290000000000000000e+02,1.408299319727891259e+02
6.300000000000000000e+02,1.394931506849314928e+02
6.310000000000000000e+02,1.387465753424657464e+02
6.320000000000000000e+02,1.379931506849314928e+02
6.330000000000000000e+02,1.372260273972602818e+02
6.340000000000000000e+02,1.358551724137930989e+02
6.350000000000000000e+02,1.350620689655172555e+02
6.360000000000000000e+02,1.342758620689655231e+02
6.370000000000000000e+02,1.334827586206896513e+02
6.380000000000000000e+02,1.317152777777777715e+02
6.390000000000000000e+02,1.305416666666666572e+02
6.400000000000000000e+02,1.293750000000000000e+02
6.410000000000000000e+02,1.282083333333333428e+02
6.420000000000000000e+02,1.264055944055943996e+02
6.430000000000000000e+02,1.248085106382978751e+02
6.440000000000000000e+02,1.239000000000000057e+02
6.450000000000000000e+02,1.229424460431654609e+02
6.460000000000000000e+02,1.219710144927536248e+02
6.470000000000000000e+02,1.209927007299270088e+02
6.480000000000000000e+02,1.208613138686131379e+02
6.490000000000000000e+02,1.198897058823529420e+02
6.500000000000000000e+02,1.189111111111111114e+02
6.510000000000000000e+02,1.179253731343283533e+02
6.520000000000000000e+02,1.177985074626865725e+02
6.530000000000000000e+02,1.168195488721804480e+02
6.540000000000000000e+02,1.164469696969697026e+02
6.550000000000000000e+02,1.160687022900763310e+02
6.560000000000000000e+02,1.165648854961832086e+02
6.570000000000000000e+02,1.169461538461538481e+02
6.580000000000000000e+02,1.173333333333333286e+02
6.590000000000000000e+02,1.177343750000000000e+02
6.600000000000000000e+02,1.190000000000000000e+02
6.610000000000000000e+02,1.194173228346456739e+02
6.620000000000000000e+02,1.198650793650793673e+02
6.630000000000000000e+02,1.203280000000000030e+02
6.640000000000000000e+02,1.216239999999999952e+02
6.650000000000000000e+02,1.221290322580645125e+02
6.660000000000000000e+02,1.226422764227642261e+02
6.670000000000000000e+02,1.231721311475409806e+02
6.680000000000000000e+02,1.245163934426229559e+02
6.690000000000000000e+02,1.250991735537190124e+02
6.700000000000000000e+02,1.256833333333333371e+02
6.710000000000000000e+02,1.263025210084033603e+02
6.720000000000000000e+02,1.277058823529411740e+02
6.730000000000000000e+02,1.288083333333333371e+02
6.740000000000000000e+02,1.291083333333333201e+02
6.750000000000000000e+02,1.294166666666666572e+02
6.760000000000000000e+02,1.297249999999999943e+02
6.770000000000000000e+02,1.300250000000000057e+02
6.780000000000000000e+02,1.303249999999999886e+02
6.790000000000000000e+02,1.306166666666666742e+02
6.800000000000000000e+02,1.309083333333333314e+02
6.810000000000000000e+02,1.311916666666666629e+02
6.820000000000000000e+02,1.314833333333333201e+02
6.830000000000000000e+02,1.317666666666666799e+02
6.840000000000000000e+02,1.300252100840336027e+02
6.850000000000000000e+02,1.282627118644067821e+02
6.860000000000000000e+02,1.264871794871794890e+02
6.870000000000000000e+02,1.246810344827586192e+02
6.880000000000000000e+02,1.228608695652173850e+02
6.890000000000000000e+02,1.210175438596491233e+02
6.900000000000000000e+02,1.191415929203539861e+02
6.910000000000000000e+02,1.172500000000000000e+02
6.920000000000000000e+02,1.153243243243243228e+02
6.930000000000000000e+02,1.133727272727272748e+02
6.940000000000000000e+02,1.113853211009174373e+02
6.950000000000000000e+02,1.093611111111111143e+02
6.960000000000000000e+02,1.073084112149532672e+02
6.970000000000000000e+02,1.052264150943396288e+02
6.980000000000000000e+02,1.030952380952381020e+02
6.990000000000000000e+02,1.009326923076923066e+02
7.000000000000000000e+02,9.874757281553398514e+01
7.010000000000000000e+02,9.651960784313725128e+01
7.020000000000000000e+02,9.424752475247524330e+01
7.030000000000000000e+02,9.193999999999999773e+01
7.040000000000000000e+02,8.959595959595959869e+01
7.050000000000000000e+02,8.720408163265305745e+01
7.060000000000000000e+02,8.477319587628865349e+01
7.070000000000000000e+02,8.231250000000000000e+01
7.080000000000000000e+02,7.979999999999999716e+01
7.090000000000000000e+02,7.725531914893616658e+01
7.100000000000000000e+02,7.466666666666667140e+01
7.110000000000000000e+02,7.204347826086956275e+01
7.120000000000000000e+02,6.936263736263735780e+01
7.130000000000000000e+02,6.641111111111111143e+01
7.140000000000000000e+02,6.594444444444444287e+01
7.150000000000000000e+02,6.550000000000000000e+01
7.160000000000000000e+02,6.504444444444445139e+01
7.170000000000000000e+02,6.459999999999999432e+01
7.180000000000000000e+02,6.414444444444444571e+01
7.190000000000000000e+02,6.372222222222222143e+01
7.200000000000000000e+02,6.329999999999999716e+01
7.210000000000000000e+02,6.287777777777777999e+01
7.220000000000000000e+02,6.247777777777777430e+01
7.230000000000000000e+02,6.206666666666666998e+01
7.240000000000000000e+02,6.165555555555555856e+01
7.250000000000000000e+02,6.127777777777777857e+01
7.260000000000000000e+02,6.088888888888888573e+01
7.270000000000000000e+02,6.050000000000000000e+01
7.280000000000000000e+02,6.013333333333333286e+01
7.290000000000000000e+02,5.975555555555555287e+01
7.300000000000000000e+02,5.938888888888888573e+01
7.310000000000000000e+02,5.908888888888888857e+01
7.320000000000000000e+02,5.878888888888889142e+01
7.330000000000000000e+02,5.846666666666666856e+01
7.340000000000000000e+02,5.815555555555555856e+01
7.350000000000000000e+02,5.782222222222222285e+01
7.360000000000000000e+02,5.747777777777777430e+01
7.370000000000000000e+02,5.714444444444444571e+01
7.380000000000000000e+02,5.678888888888889142e+01
7.390000000000000000e+02,5.642222222222222427e+01
7.400000000000000000e+02,5.606666666666666998e+01
7.410000000000000000e+02,5.568888888888888999e+01
7.420000000000000000e+02,5.529999999999999716e+01
7.430000000000000000e+02,5.514444444444444571e+01
7.440000000000000000e+02,5.497777777777777430e+01
7.450000000000000000e+02,5.479999999999999716e+01
7.460000000000000000e+02,5.462222222222222001e+01
7.470000000000000000e+02,5.443333333333333002e+01
7.480000000000000000e+02,5.424444444444444713e+01
7.490000000000000000e+02,5.486666666666666714e+01
7.500000000000000000e+02,5.547777777777777430e+01
7.510000000000000000e+02,5.607777777777777573e+01
7.520000000000000000e+02,5.666666666666666430e+01
7.530000000000000000e+02,5.724444444444444713e+01
7.540000000000000000e+02,5.781111111111111001e+01
7.550000000000000000e+02,5.836666666666666714e+01
7.560000000000000000e+02,5.891111111111111143e+01
7.570000000000000000e+02,5.944444444444444287e+01
7.580000000000000000e+02,5.996666666666666856e+01
7.590000000000000000e+02,6.047777777777777430e+01
7.600000000000000000e+02,6.097777777777777430e+01
7.610000000000000000e+02,6.139999999999999858e+01
7.620000000000000000e+02,6.182222222222222285e+01
7.630000000000000000e+02,6.224444444444444713e+01
7.640000000000000000e+02,6.265555555555555856e+01
7.650000000000000000e+02,6.307777777777777573e+01
7.660000000000000000e+02,6.350000000000000000e+01
7.670000000000000000e+02,6.492222222222221717e+01
7.680000000000000000e+02,6.634444444444444855e+01
7.690000000000000000e+02,6.777777777777777146e+01
7.700000000000000000e+02,6.921111111111110858e+01
7.710000000000000000e+02,7.065555555555555145e+01
7.720000000000000000e+02,7.209999999999999432e+01
7.730000000000000000e+02,7.354444444444445139e+01
7.740000000000000000e+02,7.498888888888889426e+01
7.750000000000000000e+02,7.643333333333333712e+01
7.760000000000000000e+02,7.704494382022471655e+01
7.770000000000000000e+02,7.767045454545454675e+01
7.780000000000000000e+02,7.831034482758620641e+01
7.790000000000000000e+02,7.808139534883720501e+01
7.800000000000000000e+02,7.787058823529412166e+01
7.810000000000000000e+02,7.766666666666667140e+01
7.820000000000000000e+02,7.744578313253012425e+01
7.830000000000000000e+02,7.723170731707317316e+01
7.840000000000000000e+02,7.702469135802469680e+01
7.850000000000000000e+02,7.681250000000000000e+01
7.860000000000000000e+02,7.660759493670886400e+01
7.870000000000000000e+02,7.641025641025640880e+01
7.880000000000000000e+02,7.619480519480519831e+01
7.890000000000000000e+02,7.598684210526316463e+01
7.900000000000000000e+02,7.578666666666666174e+01
7.910000000000000000e+02,7.558108108108108070e+01
7.920000000000000000e+02,7.536986301369863384e+01
7.930000000000000000e+02,7.516666666666667140e+01
7.940000000000000000e+02,7.497183098591548855e+01
7.950000000000000000e+02,7.477142857142857224e+01
7.960000000000000000e+02,7.457971014492753170e+01
7.970000000000000000e+02,7.305882352941176805e+01
7.980000000000000000e+02,7.150746268656716609e+01
7.990000000000000000e+02,6.990909090909090651e+01
8.000000000000000000e+02,6.826153846153846416e+01
8.010000000000000000e+02,6.656250000000000000e+01
8.020000000000000000e+02,6.482539682539682246e+01
8.030000000000000000e+02,6.266666666666666430e+01
8.040000000000000000e+02,6.050793650793650613e+01
8.050000000000000000e+02,5.833333333333333570e+01
8.060000000000000000e+02,5.767187500000000000e+01
8.070000000000000000e+02,5.701538461538461888e+01
8.080000000000000000e+02,5.636363636363636687e+01
8.090000000000000000e+02,5.574626865671641696e+01
8.100000000000000000e+02,5.513235294117647101e+01
8.110000000000000000e+02,5.452173913043478137e+01
8.120000000000000000e+02,5.394285714285714306e+01
8.130000000000000000e+02,5.336619718309859195e+01
8.140000000000000000e+02,5.279166666666666430e+01
8.150000000000000000e+02,5.223287671232876761e+01
8.160000000000000000e+02,5.167567567567567721e+01
8.170000000000000000e+02,5.113333333333333286e+01
8.180000000000000000e+02,5.061842105263158231e+01
8.190000000000000000e+02,5.010389610389610482e+01
8.200000000000000000e+02,4.957692307692308020e+01
8.210000000000000000e+02,5.024050632911392711e+01
8.220000000000000000e+02,5.087500000000000000e+01
8.230000000000000000e+02,5.149382716049382935e+01
8.240000000000000000e+02,5.209756097560975263e+01
8.250000000000000000e+02,5.185365853658536395e+01
8.260000000000000000e+02,5.160975609756097526e+01
8.270000000000000000e+02,5.136585365853658658e+01
8.280000000000000000e+02,5.112195121951219789e+01
8.290000000000000000e+02,5.087804878048780211e+01
8.300000000000000000e+02,5.064634146341463605e+01
8.310000000000000000e+02,5.043902439024390105e+01
8.320000000000000000e+02,5.024390243902438868e+01
8.330000000000000000e+02,5.019753086419753174e+01
8.340000000000000000e+02,5.017499999999999716e+01
8.350000000000000000e+02,5.017721518987341511e+01
8.360000000000000000e+02,5.019230769230769340e+01
8.370000000000000000e+02,5.023376623376623229e+01
8.380000000000000000e+02,5.030263157894736992e+01
8.390000000000000000e+02,5.038666666666666316e+01
8.400000000000000000e+02,5.048648648648648418e+01
8.410000000000000000e+02,5.061643835616438025e+01
8.420000000000000000e+02,5.076388888888888573e+01
8.430000000000000000e+02,5.094366197183098421e+01
8.440000000000000000e+02,5.114285714285714590e+01
8.450000000000000000e+02,5.136231884057971087e+01
8.460000000000000000e+02,5.160294117647058698e+01
8.470000000000000000e+02,5.185074626865671377e+01
8.480000000000000000e+02,5.212121212121212466e+01
8.490000000000000000e+02,5.244615384615384812e+01
8.500000000000000000e+02,5.281250000000000000e+01
8.510000000000000000e+02,5.176190476190475920e+01
8.520000000000000000e+02,5.070967741935483986e+01
8.530000000000000000e+02,4.963934426229508290e+01
8.540000000000000000e+02,4.866666666666666430e+01
8.550000000000000000e+02,4.888333333333333286e+01
8.560000000000000000e+02,4.911666666666666714e+01
8.570000000000000000e+02,4.936666666666666714e+01
8.580000000000000000e+02,4.961666666666666714e+01
8.590000000000000000e+02,4.985000000000000142e+01
8.600000000000000000e+02,5.004999999999999716e+01
8.610000000000000000e+02,5.021666666666666856e+01
8.620000000000000000e+02,5.038333333333333286e+01
8.630000000000000000e+02,5.050000000000000000e+01
8.640000000000000000e+02,5.060000000000000142e+01
8.650000000000000000e+02,5.068333333333333002e+01
8.660000000000000000e+02,5.073333333333333428e+01
8.670000000000000000e+02,5.078333333333333144e+01
8.680000000000000000e+02,5.081666666666666998e+01
8.690000000000000000e+02,5.083333333333333570e+01
8.700000000000000000e+02,5.083333333333333570e+01
8.710000000000000000e+02,5.083333333333333570e+01
8.720000000000000000e+02,5.081666666666666998e+01
8.730000000000000000e+02,5.079999999999999716e+01
8.740000000000000000e+02,5.079999999999999716e+01
8.750000000000000000e+02,5.076666666666666572e+01
8.760000000000000000e+02,5.078333333333333144e+01
8.770000000000000000e+02,5.167796610169491345e+01
8.780000000000000000e+02,5.258620689655172242e+01
8.790000000000000000e+02,5.350877192982456165e+01
8.800000000000000000e+02,5.444642857142856940e+01
8.810000000000000000e+02,5.536363636363636687e+01
8.820000000000000000e+02,5.631481481481481666e+01
8.830000000000000000e+02,5.728301886792452535e+01
8.840000000000000000e+02,5.811538461538461320e+01
8.850000000000000000e+02,5.900000000000000000e+01
8.860000000000000000e+02,5.989999999999999858e+01
8.870000000000000000e+02,6.079591836734693544e+01
8.880000000000000000e+02,6.175000000000000000e+01
8.890000000000000000e+02,6.276595744680851396e+01
8.900000000000000000e+02,6.382608695652174191e+01
8.910000000000000000e+02,6.495555555555554861e+01
8.920000000000000000e+02,6.611363636363635976e+01
8.930000000000000000e+02,6.732558139534883423e+01
8.940000000000000000e+02,6.861904761904762040e+01
8.950000000000000000e+02,6.997560975609755474e+01
8.960000000000000000e+02,7.140000000000000568e+01
8.970000000000000000e+02,7.289743589743589780e+01
8.980000000000000000e+02,7.447368421052631504e+01
8.990000000000000000e+02,7.610810810810811233e+01
9.000000000000000000e+02,7.786111111111111427e+01
9.010000000000000000e+02,7.968571428571428328e+01
9.020000000000000000e+02,8.158823529411765207e+01
9.030000000000000000e+02,8.360606060606060908e+01
9.040000000000000000e+02,8.571875000000000000e+01
9.050000000000000000e+02,8.796774193548387188e+01
9.060000000000000000e+02,9.029999999999999716e+01
9.070000000000000000e+02,8.966666666666667140e+01
9.080000000000000000e+02,8.900000000000000000e+01
9.090000000000000000e+02,8.833333333333332860e+01
9.100000000000000000e+02,8.766666666666667140e+01
9.110000000000000000e+02,8.700000000000000000e+01
9.120000000000000000e+02,8.633333333333332860e+01
9.130000000000000000e+02,8.566666666666667140e+01
9.140000000000000000e+02,8.500000000000000000e+01
9.150000000000000000e+02,8.433333333333332860e+01
9.160000000000000000e+02,8.366666666666667140e+01
9.170000000000000000e+02,8.300000000000000000e+01
9.180000000000000000e+02,8.233333333333332860e+01
9.190000000000000000e+02,8.166666666666667140e+01
9.200000000000000000e+02,8.100000000000000000e+01
9.210000000000000000e+02,8.033333333333332860e+01
9.220000000000000000e+02,7.966666666666667140e+01
9.230000000000000000e+02,7.900000000000000000e+01
9.240000000000000000e+02,7.833333333333332860e+01
9.250000000000000000e+02,7.766666666666667140e+01
9.260000000000000000e+02,7.700000000000000000e+01
9.270000000000000000e+02,7.633333333333332860e+01
9.280000000000000000e+02,7.566666666666667140e+01
9.290000000000000000e+02,7.500000000000000000e+01
9.300000000000000000e+02,7.433333333333332860e+01
9.310000000000000000e+02,7.366666666666667140e+01
9.320000000000000000e+02,7.300000000000000000e+01
9.330000000000000000e+02,7.233333333333332860e+01
9.340000000000000000e+02,7.166666666666667140e+01
9.350000000000000000e+02,7.100000000000000000e+01
9.360000000000000000e+02,7.033333333333332860e+01
9.370000000000000000e+02,6.966666666666667140e+01
9.380000000000000000e+02,6.900000000000000000e+01
9.390000000000000000e+02,6.833333333333332860e+01
9.400000000000000000e+02,6.766666666666667140e+01
9.410000000000000000e+02,6.700000000000000000e+01
9.420000000000000000e+02,6.633333333333332860e+01
9.430000000000000000e+02,6.566666666666667140e+01
9.440000000000000000e+02,6.500000000000000000e+01
9.450000000000000000e+02,6.433333333333332860e+01
9.460000000000000000e+02,6.366666666666666430e+01
9.470000000000000000e+02,6.300000000000000000e+01
9.480000000000000000e+02,6.233333333333333570e+01
9.490000000000000000e+02,6.166666666666666430e+01
9.500000000000000000e+02,6.100000000000000000e+01
9.510000000000000000e+02,6.033333333333333570e+01
9.520000000000000000e+02,5.966666666666666430e+01
9.530000000000000000e+02,5.900000000000000000e+01
9.540000000000000000e+02,5.833333333333333570e+01
9.550000000000000000e+02,5.766666666666666430e+01
9.560000000000000000e+02,5.700000000000000000e+01
9.570000000000000000e+02,5.633333333333333570e+01
9.580000000000000000e+02,5.566666666666666430e+01
9.590000000000000000e+02,5.500000000000000000e+01
9.600000000000000000e+02,5.433333333333333570e+01
9.610000000000000000e+02,5.366666666666666430e+01
9.620000000000000000e+02,5.300000000000000000e+01
9.630000000000000000e+02,5.233333333333333570e+01
9.640000000000000000e+02,5.166666666666666430e+01
9.650000000000000000e+02,5.100000000000000000e+01
9.660000000000000000e+02,5.033333333333333570e+01
9.670000000000000000e+02,4.966666666666666430e+01
9.680000000000000000e+02,4.900000000000000000e+01
9.690000000000000000e+02,4.833333333333333570e+01
9.700000000000000000e+02,4.766666666666666430e+01
9.710000000000000000e+02,4.700000000000000000e+01
9.720000000000000000e+02,4.633333333333333570e+01
9.730000000000000000e+02,4.566666666666666430e+01
9.740000000000000000e+02,4.500000000000000000e+01
9.750000000000000000e+02,4.433333333333333570e+01
9.760000000000000000e+02,4.366666666666666430e+01
9.770000000000000000e+02,4.300000000000000000e+01
9.780000000000000000e+02,4.265517241379310320e+01
9.790000000000000000e+02,4.232142857142856940e+01
9.800000000000000000e+02,4.200000000000000000e+01
9.810000000000000000e+02,4.165384615384615330e+01
9.820000000000000000e+02,4.132000000000000028e+01
9.830000000000000000e+02,4.100000000000000000e+01
9.840000000000000000e+02,4.065217391304347672e+01
9.850000000000000000e+02,4.031818181818182012e+01
9.860000000000000000e+02,4.000000000000000000e+01
9.870000000000000000e+02,3.964999999999999858e+01
9.880000000000000000e+02,3.931578947368421240e+01
9.890000000000000000e+02,3.900000000000000000e+01
9.900000000000000000e+02,3.864705882352941302e+01
9.910000000000000000e+02,3.831250000000000000e+01
9.920000000000000000e+02,3.800000000000000000e+01
9.930000000000000000e+02,3.764285714285714590e+01
9.940000000000000000e+02,3.730769230769230660e+01
9.950000000000000000e+02,3.700000000000000000e+01
9.960000000000000000e+02,3.663636363636363313e+01
9.970000000000000000e+02,3.629999999999999716e+01
9.980000000000000000e+02,3.600000000000000000e+01
9.990000000000000000e+02,3.562500000000000000e+01
1.000000000000000000e+03,3.528571428571428470e+01
1.001000000000000000e+03,3.500000000000000000e+01
1.002000000000000000e+03,3.460000000000000142e+01
1.003000000000000000e+03,3.425000000000000000e+01
1.004000000000000000e+03,3.400000000000000000e+01
1.005000000000000000e+03,3.350000000000000000e+01
1.006000000000000000e+03,3.300000000000000000e+01
1.007000000000000000e+03,0.000000000000000000e+00
1.008000000000000000e+03,0.000000000000000000e+00
1.009000000000000000e+03,0.000000000000000000e+00
1.010000000000000000e+03,0.000000000000000000e+00
1.011000000000000000e+03,0.000000000000000000e+00
1.012000000000000000e+03,0.000000000000000000e+00
1.013000000000000000e+03,0.000000000000000000e+00
1.014000000000000000e+03,0.000000000000000000e+00
1.015000000000000000e+03,0.000000000000000000e+00
1.016000000000000000e+03,0.000000000000000000e+00
1.017000000000000000e+03,0.000000000000000000e+00
1.018000000000000000e+03,0.000000000000000000e+00
1.019000000000000000e+03,0.000000000000000000e+00
1.020000000000000000e+03,0.000000000000000000e+00
1.021000000000000000e+03,0.000000000000000000e+00
1.022000000000000000e+03,0.000000000000000000e+00
1.023000000000000000e+03,0.000000000000000000e+00
1.024000000000000000e+03,0.000000000000000000e+00
1.025000000000000000e+03,0.000000000000000000e+00
1.026000000000000000e+03,0.000000000000000000e+00
1.027000000000000000e+03,0.000000000000000000e+00
1.028000000000000000e+03,0.000000000000000000e+00
1.029000000000000000e+03,0.000000000000000000e+00
1.030000000000000000e+03,0.000000000000000000e+00
1.031000000000000000e+03,0.000000000000000000e+00
1.032000000000000000e+03,0.000000000000000000e+00
1.033000000000000000e+03,0.000000000000000000e+00
1.034000000000000000e+03,0.000000000000000000e+00
1.035000000000000000e+03,0.000000000000000000e+00
1.036000000000000000e+03,0.000000000000000000e+00
1.037000000000000000e+03,0.000000000000000000e+00
1.038000000000000000e+03,0.000000000000000000e+00
1.039000000000000000e+03,0.000000000000000000e+00
1.040000000000000000e+03,0.000000000000000000e+00
1.041000000000000000e+03,0.000000000000000000e+00
1.042000000000000000e+03,0.000000000000000000e+00
1.043000000000000000e+03,0.000000000000000000e+00
1.044000000000000000e+03,0.000000000000000000e+00
1.045000000000000000e+03,0.000000000000000000e+00
1.046000000000000000e+03,0.000000000000000000e+00
1.047000000000000000e+03,0.000000000000000000e+00
1.048000000000000000e+03,0.000000000000000000e+00
1.049000000000000000e+03,0.000000000000000000e+00
1.050000000000000000e+03,0.000000000000000000e+00
1.051000000000000000e+03,0.000000000000000000e+00
1.052000000000000000e+03,0.000000000000000000e+00
1.053000000000000000e+03,0.000000000000000000e+00
1.054000000000000000e+03,0.000000000000000000e+00
1.055000000000000000e+03,0.000000000000000000e+00
1.056000000000000000e+03,0.000000000000000000e+00
1.057000000000000000e+03,0.000000000000000000e+00
1.058000000000000000e+03,0.000000000000000000e+00
1.059000000000000000e+03,0.000000000000000000e+00
1.060000000000000000e+03,0.000000000000000000e+00
1.061000000000000000e+03,0.000000000000000000e+00
1.062000000000000000e+03,0.000000000000000000e+00
1.063000000000000000e+03,0.000000000000000000e+00
1.064000000000000000e+03,0.000000000000000000e+00
1.065000000000000000e+03,0.000000000000000000e+00
1.066000000000000000e+03,0.000000000000000000e+00
1.067000000000000000e+03,0.000000000000000000e+00
1.068000000000000000e+03,0.000000000000000000e+00
1.069000000000000000e+03,0.000000000000000000e+00
1.070000000000000000e+03,0.000000000000000000e+00
1.071000000000000000e+03,0.000000000000000000e+00
1.072000000000000000e+03,0.000000000000000000e+00
1.073000000000000000e+03,0.000000000000000000e+00
1.074000000000000000e+03,0.000000000000000000e+00
1.075000000000000000e+03,0.000000000000000000e+00
1.076000000000000000e+03,0.000000000000000000e+00
1.077000000000000000e+03,0.000000000000000000e+00
1.078000000000000000e+03,0.000000000000000000e+00
1.079000000000000000e+03,0.000000000000000000e+00
1.080000000000000000e+03,0.000000000000000000e+00
1.081000000000000000e+03,0.000000000000000000e+00
1.082000000000000000e+03,0.000000000000000000e+00
1.083000000000000000e+03,0.000000000000000000e+00
1.084000000000000000e+03,0.000000000000000000e+00
1.085000000000000000e+03,0.000000000000000000e+00
1.086000000000000000e+03,0.000000000000000000e+00
1.087000000000000000e+03,0.000000000000000000e+00
1.088000000000000000e+03,0.000000000000000000e+00
1.089000000000000000e+03,0.000000000000000000e+00
1.090000000000000000e+03,0.000000000000000000e+00
1.091000000000000000e+03,0.000000000000000000e+00
1.092000000000000000e+03,0.000000000000000000e+00
1.093000000000000000e+03,0.000000000000000000e+00
1.094000000000000000e+03,0.000000000000000000e+00
1.095000000000000000e+03,0.000000000000000000e+00
1.096000000000000000e+03,0.000000000000000000e+00
1.097000000000000000e+03,0.000000000000000000e+00
1.098000000000000000e+03,0.000000000000000000e+00
1.099000000000000000e+03,0.000000000000000000e+00
1.100000000000000000e+03,0.000000000000000000e+00
1.101000000000000000e+03,0.000000000000000000e+00
1.102000000000000000e+03,0.000000000000000000e+00
1.103000000000000000e+03,0.000000000000000000e+00
1.104000000000000000e+03,0.000000000000000000e+00
1.105000000000000000e+03,0.000000000000000000e+00
1.106000000000000000e+03,0.000000000000000000e+00
1.107000000000000000e+03,0.000000000000000000e+00
1.108000000000000000e+03,0.000000000000000000e+00
1.109000000000000000e+03,0.000000000000000000e+00
1.110000000000000000e+03,0.000000000000000000e+00
1.111000000000000000e+03,0.000000000000000000e+00
1.112000000000000000e+03,0.000000000000000000e+00
1.113000000000000000e+03,0.000000000000000000e+00
1.114000000000000000e+03,0.000000000000000000e+00
1.115000000000000000e+03,0.000000000000000000e+00
1.116000000000000000e+03,0.000000000000000000e+00
1.117000000000000000e+03,0.000000000000000000e+00
1.118000000000000000e+03,0.000000000000000000e+00
1.119000000000000000e+03,0.000000000000000000e+00
1.120000000000000000e+03,0.000000000000000000e+00
1.121000000000000000e+03,0.000000000000000000e+00
1.122000000000000000e+03,0.000000000000000000e+00
1.123000000000000000e+03,0.000000000000000000e+00
1.124000000000000000e+03,0.000000000000000000e+00
1.125000000000000000e+03,0.000000000000000000e+00
1.126000000000000000e+03,0.000000000000000000e+00
1.127000000000000000e+03,0.000000000000000000e+00
1.128000000000000000e+03,0.000000000000000000e+00
1.129000000000000000e+03,0.000000000000000000e+00
1.130000000000000000e+03,0.000000000000000000e+00
1.131000000000000000e+03,0.000000000000000000e+00
1.132000000000000000e+03,0.000000000000000000e+00
1.133000000000000000e+03,0.000000000000000000e+00
1.134000000000000000e+03,0.000000000000000000e+00
1.135000000000000000e+03,0.000000000000000000e+00
1.136000000000000000e+03,0.000000000000000000e+00
1.137000000000000000e+03,0.000000000000000000e+00
1.138000000000000000e+03,0.000000000000000000e+00
1.139000000000000000e+03,0.000000000000000000e+00
1.140000000000000000e+03,0.000000000000000000e+00
1.141000000000000000e+03,0.000000000000000000e+00
1.142000000000000000e+03,0.000000000000000000e+00
1.143000000000000000e+03,0.000000000000000000e+00
1.144000000000000000e+03,0.000000000000000000e+00
1.145000000000000000e+03,0.000000000000000000e+00
1.146000000000000000e+03,0.000000000000000000e+00
1.147000000000000000e+03,0.000000000000000000e+00
1.148000000000000000e+03,0.000000000000000000e+00
1.149000000000000000e+03,0.000000000000000000e+00
