time,cdf
0.000000000000000000e+00,0.000000000000000000e+00
1.000000000000000000e+00,0.000000000000000000e+00
2.000000000000000000e+00,0.000000000000000000e+00
3.000000000000000000e+00,0.000000000000000000e+00
4.000000000000000000e+00,0.000000000000000000e+00
5.000000000000000000e+00,0.000000000000000000e+00
6.000000000000000000e+00,0.000000000000000000e+00
7.000000000000000000e+00,0.000000000000000000e+00
8.000000000000000000e+00,0.000000000000000000e+00
9.000000000000000000e+00,0.000000000000000000e+00
1.000000000000000000e+01,0.000000000000000000e+00
1.100000000000000000e+01,0.000000000000000000e+00
1.200000000000000000e+01,0.000000000000000000e+00
1.300000000000000000e+01,0.000000000000000000e+00
1.400000000000000000e+01,0.000000000000000000e+00
1.500000000000000000e+01,0.000000000000000000e+00
1.600000000000000000e+01,0.000000000000000000e+00
1.700000000000000000e+01,0.000000000000000000e+00
1.800000000000000000e+01,0.000000000000000000e+00
1.900000000000000000e+01,0.000000000000000000e+00
2.000000000000000000e+01,0.000000000000000000e+00
2.100000000000000000e+01,0.000000000000000000e+00
2.200000000000000000e+01,0.000000000000000000e+00
2.300000000000000000e+01,0.000000000000000000e+00
2.400000000000000000e+01,0.000000000000000000e+00
2.500000000000000000e+01,0.000000000000000000e+00
2.600000000000000000e+01,0.000000000000000000e+00
2.700000000000000000e+01,0.000000000000000000e+00
2.800000000000000000e+01,0.000000000000000000e+00
2.900000000000000000e+01,0.000000000000000000e+00
3.000000000000000000e+01,0.000000000000000000e+00
3.100000000000000000e+01,0.000000000000000000e+00
3.200000000000000000e+01,0.000000000000000000e+00
3.300000000000000000e+01,0.000000000000000000e+00
3.400000000000000000e+01,0.000000000000000000e+00
3.500000000000000000e+01,0.000000000000000000e+00
3.600000000000000000e+01,0.000000000000000000e+00
3.700000000000000000e+01,0.000000000000000000e+00
3.800000000000000000e+01,0.000000000000000000e+00
3.900000000000000000e+01,0.000000000000000000e+00
4.000000000000000000e+01,0.000000000000000000e+00
4.100000000000000000e+01,0.000000000000000000e+00
4.200000000000000000e+01,0.000000000000000000e+00
4.300000000000000000e+01,0.000000000000000000e+00
4.400000000000000000e+01,0.000000000000000000e+00
4.500000000000000000e+01,0.000000000000000000e+00
4.600000000000000000e+01,0.000000000000000000e+00
4.700000000000000000e+01,0.000000000000000000e+00
4.800000000000000000e+01,0.000000000000000000e+00
4.900000000000000000e+01,0.000000000000000000e+00
5.000000000000000000e+01,0.000000000000000000e+00
5.100000000000000000e+01,0.000000000000000000e+00
5.200000000000000000e+01,0.000000000000000000e+00
5.300000000000000000e+01,0.000000000000000000e+00
5.400000000000000000e+01,0.000000000000000000e+00
5.500000000000000000e+01,0.000000000000000000e+00
5.600000000000000000e+01,0.000000000000000000e+00
5.700000000000000000e+01,0.000000000000000000e+00
5.800000000000000000e+01,0.000000000000000000e+00
5.900000000000000000e+01,0.000000000000000000e+00
6.000000000000000000e+01,0.000000000000000000e+00
6.100000000000000000e+01,0.000000000000000000e+00
6.200000000000000000e+01,0.000000000000000000e+00
6.300000000000000000e+01,0.000000000000000000e+00
6.400000000000000000e+01,0.000000000000000000e+00
6.500000000000000000e+01,0.000000000000000000e+00
6.600000000000000000e+01,0.000000000000000000e+00
6.700000000000000000e+01,0.000000000000000000e+00
6.800000000000000000e+01,0.000000000000000000e+00
6.900000000000000000e+01,0.000000000000000000e+00
7.000000000000000000e+01,0.000000000000000000e+00
7.100000000000000000e+01,0.000000000000000000e+00
7.200000000000000000e+01,0.000000000000000000e+00
7.300000000000000000e+01,0.000000000000000000e+00
7.400000000000000000e+01,0.000000000000000000e+00
7.500000000000000000e+01,0.000000000000000000e+00
7.600000000000000000e+01,0.000000000000000000e+00
7.700000000000000000e+01,0.000000000000000000e+00
7.800000000000000000e+01,0.000000000000000000e+00
7.900000000000000000e+01,0.000000000000000000e+00
8.000000000000000000e+01,0.000000000000000000e+00
8.100000000000000000e+01,0.000000000000000000e+00
8.200000000000000000e+01,0.000000000000000000e+00
8.300000000000000000e+01,0.000000000000000000e+00
8.400000000000000000e+01,0.000000000000000000e+00
8.500000000000000000e+01,0.000000000000000000e+00
8.600000000000000000e+01,0.000000000000000000e+00
8.700000000000000000e+01,0.000000000000000000e+00
8.800000000000000000e+01,0.000000000000000000e+00
8.900000000000000000e+01,0.000000000000000000e+00
9.000000000000000000e+01,0.000000000000000000e+00
9.100000000000000000e+01,0.000000000000000000e+00
9.200000000000000000e+01,0.000000000000000000e+00
9.300000000000000000e+01,0.000000000000000000e+00
9.400000000000000000e+01,0.000000000000000000e+00
9.500000000000000000e+01,0.000000000000000000e+00
9.600000000000000000e+01,0.000000000000000000e+00
9.700000000000000000e+01,0.000000000000000000e+00
9.800000000000000000e+01,0.000000000000000000e+00
9.900000000000000000e+01,0.000000000000000000e+00
1.000000000000000000e+02,0.000000000000000000e+00
1.010000000000000000e+02,0.000000000000000000e+00
1.020000000000000000e+02,0.000000000000000000e+00
1.030000000000000000e+02,0.000000000000000000e+00
1.040000000000000000e+02,0.000000000000000000e+00
1.050000000000000000e+02,0.000000000000000000e+00
1.060000000000000000e+02,0.000000000000000000e+00
1.070000000000000000e+02,0.000000000000000000e+00
1.080000000000000000e+02,0.000000000000000000e+00
1.090000000000000000e+02,0.000000000000000000e+00
1.100000000000000000e+02,0.000000000000000000e+00
1.110000000000000000e+02,0.000000000000000000e+00
1.120000000000000000e+02,0.000000000000000000e+00
1.130000000000000000e+02,0.000000000000000000e+00
1.140000000000000000e+02,0.000000000000000000e+00
1.150000000000000000e+02,0.000000000000000000e+00
1.160000000000000000e+02,0.000000000000000000e+00
1.170000000000000000e+02,0.000000000000000000e+00
1.180000000000000000e+02,0.000000000000000000e+00
1.190000000000000000e+02,0.000000000000000000e+00
1.200000000000000000e+02,0.000000000000000000e+00
1.210000000000000000e+02,0.000000000000000000e+00
1.220000000000000000e+02,0.000000000000000000e+00
1.230000000000000000e+02,0.000000000000000000e+00
1.240000000000000000e+02,0.000000000000000000e+00
1.250000000000000000e+02,0.000000000000000000e+00
1.260000000000000000e+02,0.000000000000000000e+00
1.270000000000000000e+02,0.000000000000000000e+00
1.280000000000000000e+02,0.000000000000000000e+00
1.290000000000000000e+02,0.000000000000000000e+00
1.300000000000000000e+02,0.000000000000000000e+00
1.310000000000000000e+02,0.000000000000000000e+00
1.320000000000000000e+02,0.000000000000000000e+00
1.330000000000000000e+02,0.000000000000000000e+00
1.340000000000000000e+02,0.000000000000000000e+00
1.350000000000000000e+02,0.000000000000000000e+00
1.360000000000000000e+02,0.000000000000000000e+00
1.370000000000000000e+02,0.000000000000000000e+00
1.380000000000000000e+02,0.000000000000000000e+00
1.390000000000000000e+02,0.000000000000000000e+00
1.400000000000000000e+02,0.000000000000000000e+00
1.410000000000000000e+02,0.000000000000000000e+00
1.420000000000000000e+02,0.000000000000000000e+00
1.430000000000000000e+02,0.000000000000000000e+00
1.440000000000000000e+02,0.000000000000000000e+00
1.450000000000000000e+02,0.000000000000000000e+00
1.460000000000000000e+02,0.000000000000000000e+00
1.470000000000000000e+02,0.000000000000000000e+00
1.480000000000000000e+02,0.000000000000000000e+00
1.490000000000000000e+02,0.000000000000000000e+00
1.500000000000000000e+02,0.000000000000000000e+00
1.510000000000000000e+02,0.000000000000000000e+00
1.520000000000000000e+02,0.000000000000000000e+00
1.530000000000000000e+02,0.000000000000000000e+00
1.540000000000000000e+02,0.000000000000000000e+00
1.550000000000000000e+02,0.000000000000000000e+00
1.560000000000000000e+02,0.000000000000000000e+00
1.570000000000000000e+02,0.000000000000000000e+00
1.580000000000000000e+02,0.000000000000000000e+00
1.590000000000000000e+02,0.000000000000000000e+00
1.600000000000000000e+02,0.000000000000000000e+00
1.610000000000000000e+02,0.000000000000000000e+00
1.620000000000000000e+02,0.000000000000000000e+00
1.630000000000000000e+02,0.000000000000000000e+00
1.640000000000000000e+02,0.000000000000000000e+00
1.650000000000000000e+02,0.000000000000000000e+00
1.660000000000000000e+02,0.000000000000000000e+00
1.670000000000000000e+02,0.000000000000000000e+00
1.680000000000000000e+02,0.000000000000000000e+00
1.690000000000000000e+02,0.000000000000000000e+00
1.700000000000000000e+02,0.000000000000000000e+00
1.710000000000000000e+02,0.000000000000000000e+00
1.720000000000000000e+02,0.000000000000000000e+00
1.730000000000000000e+02,0.000000000000000000e+00
1.740000000000000000e+02,0.000000000000000000e+00
1.750000000000000000e+02,0.000000000000000000e+00
1.760000000000000000e+02,0.000000000000000000e+00
1.770000000000000000e+02,0.000000000000000000e+00
1.780000000000000000e+02,0.000000000000000000e+00
1.790000000000000000e+02,0.000000000000000000e+00
1.800000000000000000e+02,0.000000000000000000e+00
1.810000000000000000e+02,0.000000000000000000e+00
1.820000000000000000e+02,0.000000000000000000e+00
1.830000000000000000e+02,0.000000000000000000e+00
1.840000000000000000e+02,3.923107100823852418e-04
1.850000000000000000e+02,7.846214201647704837e-04
1.860000000000000000e+02,1.176932130247155834e-03
1.870000000000000000e+02,1.569242840329540967e-03
1.880000000000000000e+02,1.961553550411926101e-03
1.890000000000000000e+02,2.746174970576696801e-03
1.900000000000000000e+02,3.530796390741467068e-03
1.910000000000000000e+02,4.315417810906237335e-03
1.920000000000000000e+02,5.100039231071008469e-03
1.930000000000000000e+02,5.884660651235778736e-03
1.940000000000000000e+02,6.669282071400549003e-03
1.950000000000000000e+02,7.453903491565320137e-03
1.960000000000000000e+02,8.238524911730089537e-03
1.970000000000000000e+02,9.023146331894861538e-03
1.980000000000000000e+02,9.807767752059631805e-03
1.990000000000000000e+02,1.059238917222440207e-02
2.000000000000000000e+02,1.137701059238917234e-02
2.010000000000000000e+02,1.216163201255394261e-02
2.020000000000000000e+02,1.294625343271871287e-02
2.030000000000000000e+02,1.373087485288348314e-02
2.040000000000000000e+02,1.451549627304825341e-02
2.050000000000000000e+02,1.530011769321302541e-02
2.060000000000000000e+02,1.608473911337779394e-02
2.070000000000000000e+02,1.686936053354256421e-02
2.080000000000000000e+02,1.765398195370733794e-02
2.090000000000000000e+02,1.843860337387210821e-02
2.100000000000000000e+02,1.922322479403687848e-02
2.110000000000000000e+02,2.000784621420164874e-02
2.120000000000000000e+02,2.079246763436641901e-02
2.130000000000000000e+02,2.157708905453118928e-02
2.140000000000000000e+02,2.236171047469595954e-02
2.150000000000000000e+02,2.393095331502550008e-02
2.160000000000000000e+02,2.550019615535504061e-02
2.170000000000000000e+02,2.706943899568458115e-02
2.180000000000000000e+02,2.863868183601412168e-02
2.190000000000000000e+02,3.020792467634366568e-02
2.200000000000000000e+02,3.177716751667320622e-02
2.210000000000000000e+02,3.334641035700274675e-02
2.220000000000000000e+02,3.491565319733228728e-02
2.230000000000000000e+02,3.648489603766182782e-02
2.240000000000000000e+02,3.805413887799136835e-02
2.250000000000000000e+02,3.962338171832090888e-02
2.260000000000000000e+02,4.119262455865044942e-02
2.270000000000000000e+02,4.276186739897998995e-02
2.280000000000000000e+02,4.433111023930953049e-02
2.290000000000000000e+02,4.590035307963907102e-02
2.300000000000000000e+02,4.746959591996861849e-02
2.310000000000000000e+02,4.903883876029815903e-02
2.320000000000000000e+02,5.060808160062769956e-02
2.330000000000000000e+02,5.217732444095724009e-02
2.340000000000000000e+02,5.374656728128678063e-02
2.350000000000000000e+02,5.531581012161632116e-02
2.360000000000000000e+02,5.688505296194586169e-02
2.370000000000000000e+02,5.845429580227540223e-02
2.380000000000000000e+02,6.002353864260494276e-02
2.390000000000000000e+02,6.159278148293448329e-02
2.400000000000000000e+02,6.316202432326402383e-02
2.410000000000000000e+02,6.473126716359356436e-02
2.420000000000000000e+02,6.630051000392310490e-02
2.430000000000000000e+02,6.786975284425264543e-02
2.440000000000000000e+02,6.943899568458218596e-02
2.450000000000000000e+02,7.100823852491172650e-02
2.460000000000000000e+02,7.257748136524126703e-02
2.470000000000000000e+02,7.414672420557080756e-02
2.480000000000000000e+02,7.571596704590034810e-02
2.490000000000000000e+02,7.728520988622988863e-02
2.500000000000000000e+02,7.885445272655942917e-02
2.510000000000000000e+02,8.042369556688896970e-02
2.520000000000000000e+02,8.199293840721851023e-02
2.530000000000000000e+02,8.356218124754806464e-02
2.540000000000000000e+02,8.513142408787760518e-02
2.550000000000000000e+02,8.709297763828952044e-02
2.560000000000000000e+02,8.905453118870144957e-02
2.570000000000000000e+02,9.101608473911337871e-02
2.580000000000000000e+02,9.297763828952530785e-02
2.590000000000000000e+02,9.454688112985484838e-02
2.600000000000000000e+02,9.611612397018438891e-02
2.610000000000000000e+02,9.768536681051392945e-02
2.620000000000000000e+02,9.925460965084346998e-02
2.630000000000000000e+02,1.008238524911730105e-01
2.640000000000000000e+02,1.023930953315025510e-01
2.650000000000000000e+02,1.039623381718320916e-01
2.660000000000000000e+02,1.059238917222440207e-01
2.670000000000000000e+02,1.078854452726559499e-01
2.680000000000000000e+02,1.098469988230678651e-01
2.690000000000000000e+02,1.118085523734797943e-01
2.700000000000000000e+02,1.137701059238917234e-01
2.710000000000000000e+02,1.157316594743036525e-01
2.720000000000000000e+02,1.176932130247155817e-01
2.730000000000000000e+02,1.196547665751274969e-01
2.740000000000000000e+02,1.216163201255394261e-01
2.750000000000000000e+02,1.235778736759513552e-01
2.760000000000000000e+02,1.255394272263632705e-01
2.770000000000000000e+02,1.275009807767752135e-01
2.780000000000000000e+02,1.294625343271871287e-01
2.790000000000000000e+02,1.314240878775990717e-01
2.800000000000000000e+02,1.333856414280109870e-01
2.810000000000000000e+02,1.353471949784229023e-01
2.820000000000000000e+02,1.373087485288348453e-01
2.830000000000000000e+02,1.392703020792467605e-01
2.840000000000000000e+02,1.412318556296587035e-01
2.850000000000000000e+02,1.431934091800706188e-01
2.860000000000000000e+02,1.451549627304825341e-01
2.870000000000000000e+02,1.471165162808944771e-01
2.880000000000000000e+02,1.490780698313063923e-01
2.890000000000000000e+02,1.510396233817183076e-01
2.900000000000000000e+02,1.530011769321302506e-01
2.910000000000000000e+02,1.549627304825421659e-01
2.920000000000000000e+02,1.569242840329541089e-01
2.930000000000000000e+02,1.588858375833660241e-01
2.940000000000000000e+02,1.608473911337779394e-01
2.950000000000000000e+02,1.628089446841898824e-01
2.960000000000000000e+02,1.647704982346017977e-01
2.970000000000000000e+02,1.667320517850137407e-01
2.980000000000000000e+02,1.686936053354256559e-01
2.990000000000000000e+02,1.706551588858375712e-01
3.000000000000000000e+02,1.726167124362495142e-01
3.010000000000000000e+02,1.745782659866614295e-01
3.020000000000000000e+02,1.765398195370733725e-01
3.030000000000000000e+02,1.785013730874852877e-01
3.040000000000000000e+02,1.804629266378972030e-01
3.050000000000000000e+02,1.824244801883091460e-01
3.060000000000000000e+02,1.843860337387210613e-01
3.070000000000000000e+02,1.863475872891330043e-01
3.080000000000000000e+02,1.883091408395449196e-01
3.090000000000000000e+02,1.902706943899568348e-01
3.100000000000000000e+02,1.922322479403687778e-01
3.110000000000000000e+02,1.941938014907806931e-01
3.120000000000000000e+02,1.961553550411926361e-01
3.130000000000000000e+02,1.981169085916045514e-01
3.140000000000000000e+02,2.000784621420164666e-01
3.150000000000000000e+02,2.020400156924284096e-01
3.160000000000000000e+02,2.040015692428403249e-01
3.170000000000000000e+02,2.059631227932522679e-01
3.180000000000000000e+02,2.079246763436641832e-01
3.190000000000000000e+02,2.098862298940760984e-01
3.200000000000000000e+02,2.118477834444880414e-01
3.210000000000000000e+02,2.138093369948999567e-01
3.220000000000000000e+02,2.157708905453118997e-01
3.230000000000000000e+02,2.177324440957238150e-01
3.240000000000000000e+02,2.196939976461357302e-01
3.250000000000000000e+02,2.216555511965476732e-01
3.260000000000000000e+02,2.236171047469595885e-01
3.270000000000000000e+02,2.255786582973715315e-01
3.280000000000000000e+02,2.275402118477834468e-01
3.290000000000000000e+02,2.295017653981953620e-01
3.300000000000000000e+02,2.314633189486073050e-01
3.310000000000000000e+02,2.334248724990192203e-01
3.320000000000000000e+02,2.353864260494311633e-01
3.330000000000000000e+02,2.373479795998430786e-01
3.340000000000000000e+02,2.393095331502549938e-01
3.350000000000000000e+02,2.412710867006669369e-01
3.360000000000000000e+02,2.432326402510788521e-01
3.370000000000000000e+02,2.451941938014907674e-01
3.380000000000000000e+02,2.471557473519027104e-01
3.390000000000000000e+02,2.491173009023146256e-01
3.400000000000000000e+02,2.510788544527265409e-01
3.410000000000000000e+02,2.530404080031384839e-01
3.420000000000000000e+02,2.550019615535504269e-01
3.430000000000000000e+02,2.569635151039623144e-01
3.440000000000000000e+02,2.589250686543742574e-01
3.450000000000000000e+02,2.608866222047862005e-01
3.460000000000000000e+02,2.628481757551981435e-01
3.470000000000000000e+02,2.648097293056100310e-01
3.480000000000000000e+02,2.667712828560219740e-01
3.490000000000000000e+02,2.687328364064339170e-01
3.500000000000000000e+02,2.706943899568458045e-01
3.510000000000000000e+02,2.726559435072577475e-01
3.520000000000000000e+02,2.746174970576696905e-01
3.530000000000000000e+02,2.765790506080815780e-01
3.540000000000000000e+02,2.785406041584935211e-01
3.550000000000000000e+02,2.805021577089054641e-01
3.560000000000000000e+02,2.824637112593174071e-01
3.570000000000000000e+02,2.844252648097292946e-01
3.580000000000000000e+02,2.863868183601412376e-01
3.590000000000000000e+02,2.883483719105531806e-01
3.600000000000000000e+02,2.903099254609650681e-01
3.610000000000000000e+02,2.922714790113770111e-01
3.620000000000000000e+02,2.942330325617889542e-01
3.630000000000000000e+02,2.961945861122008417e-01
3.640000000000000000e+02,2.981561396626127847e-01
3.650000000000000000e+02,3.001176932130247277e-01
3.660000000000000000e+02,3.020792467634366152e-01
3.670000000000000000e+02,3.040408003138485582e-01
3.680000000000000000e+02,3.060023538642605012e-01
3.690000000000000000e+02,3.079639074146724442e-01
3.700000000000000000e+02,3.099254609650843317e-01
3.710000000000000000e+02,3.118870145154962747e-01
3.720000000000000000e+02,3.138485680659082178e-01
3.730000000000000000e+02,3.158101216163201053e-01
3.740000000000000000e+02,3.177716751667320483e-01
3.750000000000000000e+02,3.197332287171439913e-01
3.760000000000000000e+02,3.216947822675558788e-01
3.770000000000000000e+02,3.236563358179678218e-01
3.780000000000000000e+02,3.256178893683797648e-01
3.790000000000000000e+02,3.275794429187917078e-01
3.800000000000000000e+02,3.295409964692035953e-01
3.810000000000000000e+02,3.315025500196155384e-01
3.820000000000000000e+02,3.334641035700274814e-01
3.830000000000000000e+02,3.354256571204393689e-01
3.840000000000000000e+02,3.373872106708513119e-01
3.850000000000000000e+02,3.393487642212632549e-01
3.860000000000000000e+02,3.413103177716751424e-01
3.870000000000000000e+02,3.432718713220870854e-01
3.880000000000000000e+02,3.452334248724990284e-01
3.890000000000000000e+02,3.471949784229109714e-01
3.900000000000000000e+02,3.491565319733228590e-01
3.910000000000000000e+02,3.511180855237348020e-01
3.920000000000000000e+02,3.530796390741467450e-01
3.930000000000000000e+02,3.550411926245586325e-01
3.940000000000000000e+02,3.570027461749705755e-01
3.950000000000000000e+02,3.589642997253825185e-01
3.960000000000000000e+02,3.609258532757944060e-01
3.970000000000000000e+02,3.628874068262063490e-01
3.980000000000000000e+02,3.648489603766182920e-01
3.990000000000000000e+02,3.668105139270302351e-01
4.000000000000000000e+02,3.687720674774421226e-01
4.010000000000000000e+02,3.707336210278540656e-01
4.020000000000000000e+02,3.726951745782660086e-01
4.030000000000000000e+02,3.746567281286778961e-01
4.040000000000000000e+02,3.766182816790898391e-01
4.050000000000000000e+02,3.785798352295017821e-01
4.060000000000000000e+02,3.805413887799136696e-01
4.070000000000000000e+02,3.825029423303256126e-01
4.080000000000000000e+02,3.844644958807375557e-01
4.090000000000000000e+02,3.864260494311494432e-01
4.100000000000000000e+02,3.883876029815613862e-01
4.110000000000000000e+02,3.903491565319733292e-01
4.120000000000000000e+02,3.923107100823852722e-01
4.130000000000000000e+02,3.942722636327971597e-01
4.140000000000000000e+02,3.962338171832091027e-01
4.150000000000000000e+02,3.981953707336210457e-01
4.160000000000000000e+02,4.001569242840329332e-01
4.170000000000000000e+02,4.021184778344448763e-01
4.180000000000000000e+02,4.040800313848568193e-01
4.190000000000000000e+02,4.060415849352687068e-01
4.200000000000000000e+02,4.080031384856806498e-01
4.210000000000000000e+02,4.099646920360925928e-01
4.220000000000000000e+02,4.119262455865045358e-01
4.230000000000000000e+02,4.138877991369164233e-01
4.240000000000000000e+02,4.158493526873283663e-01
4.250000000000000000e+02,4.178109062377403093e-01
4.260000000000000000e+02,4.197724597881521968e-01
4.270000000000000000e+02,4.217340133385641399e-01
4.280000000000000000e+02,4.236955668889760829e-01
4.290000000000000000e+02,4.256571204393879704e-01
4.300000000000000000e+02,4.276186739897999134e-01
4.310000000000000000e+02,4.295802275402118564e-01
4.320000000000000000e+02,4.315417810906237994e-01
4.330000000000000000e+02,4.335033346410356869e-01
4.340000000000000000e+02,4.354648881914476299e-01
4.350000000000000000e+02,4.374264417418595730e-01
4.360000000000000000e+02,4.393879952922714605e-01
4.370000000000000000e+02,4.413495488426834035e-01
4.380000000000000000e+02,4.433111023930953465e-01
4.390000000000000000e+02,4.452726559435072340e-01
4.400000000000000000e+02,4.472342094939191770e-01
4.410000000000000000e+02,4.491957630443311200e-01
4.420000000000000000e+02,4.511573165947430630e-01
4.430000000000000000e+02,4.531188701451549505e-01
4.440000000000000000e+02,4.550804236955668935e-01
4.450000000000000000e+02,4.570419772459788366e-01
4.460000000000000000e+02,4.590035307963907241e-01
4.470000000000000000e+02,4.609650843468026671e-01
4.480000000000000000e+02,4.629266378972146101e-01
4.490000000000000000e+02,4.648881914476264976e-01
4.500000000000000000e+02,4.668497449980384406e-01
4.510000000000000000e+02,4.688112985484503836e-01
4.520000000000000000e+02,4.707728520988623266e-01
4.530000000000000000e+02,4.727344056492742141e-01
4.540000000000000000e+02,4.746959591996861572e-01
4.550000000000000000e+02,4.766575127500981002e-01
4.560000000000000000e+02,4.786190663005099877e-01
4.570000000000000000e+02,4.805806198509219307e-01
4.580000000000000000e+02,4.825421734013338737e-01
4.590000000000000000e+02,4.845037269517457612e-01
4.600000000000000000e+02,4.864652805021577042e-01
4.610000000000000000e+02,4.884268340525696472e-01
4.620000000000000000e+02,4.903883876029815347e-01
4.630000000000000000e+02,4.923499411533934778e-01
4.640000000000000000e+02,4.943114947038054208e-01
4.650000000000000000e+02,4.962730482542173638e-01
4.660000000000000000e+02,4.982346018046292513e-01
4.670000000000000000e+02,5.001961553550411388e-01
4.680000000000000000e+02,5.021577089054530818e-01
4.690000000000000000e+02,5.041192624558650248e-01
4.700000000000000000e+02,5.060808160062769678e-01
4.710000000000000000e+02,5.080423695566889108e-01
4.720000000000000000e+02,5.096116123970184653e-01
4.730000000000000000e+02,5.111808552373480197e-01
4.740000000000000000e+02,5.127500980776775741e-01
4.750000000000000000e+02,5.143193409180070175e-01
4.760000000000000000e+02,5.158885837583365719e-01
4.770000000000000000e+02,5.174578265986661263e-01
4.780000000000000000e+02,5.190270694389956807e-01
4.790000000000000000e+02,5.205963122793252351e-01
4.800000000000000000e+02,5.221655551196547895e-01
4.810000000000000000e+02,5.237347979599843439e-01
4.820000000000000000e+02,5.253040408003138984e-01
4.830000000000000000e+02,5.268732836406433417e-01
4.840000000000000000e+02,5.284425264809728962e-01
4.850000000000000000e+02,5.300117693213024506e-01
4.860000000000000000e+02,5.315810121616320050e-01
4.870000000000000000e+02,5.331502550019615594e-01
4.880000000000000000e+02,5.347194978422911138e-01
4.890000000000000000e+02,5.362887406826206682e-01
4.900000000000000000e+02,5.378579835229502226e-01
4.910000000000000000e+02,5.394272263632796660e-01
4.920000000000000000e+02,5.409964692036092204e-01
4.930000000000000000e+02,5.425657120439387748e-01
4.940000000000000000e+02,5.441349548842683292e-01
4.950000000000000000e+02,5.457041977245978837e-01
4.960000000000000000e+02,5.472734405649274381e-01
4.970000000000000000e+02,5.488426834052569925e-01
4.980000000000000000e+02,5.504119262455865469e-01
4.990000000000000000e+02,5.519811690859159903e-01
5.000000000000000000e+02,5.535504119262455447e-01
5.010000000000000000e+02,5.551196547665750991e-01
5.020000000000000000e+02,5.566888976069046535e-01
5.030000000000000000e+02,5.582581404472342079e-01
5.040000000000000000e+02,5.598273832875637623e-01
5.050000000000000000e+02,5.617889368379757054e-01
5.060000000000000000e+02,5.637504903883876484e-01
5.070000000000000000e+02,5.657120439387994804e-01
5.080000000000000000e+02,5.676735974892114234e-01
5.090000000000000000e+02,5.696351510396233664e-01
5.100000000000000000e+02,5.715967045900353094e-01
5.110000000000000000e+02,5.735582581404472524e-01
5.120000000000000000e+02,5.755198116908591954e-01
5.130000000000000000e+02,5.774813652412711384e-01
5.140000000000000000e+02,5.794429187916829704e-01
5.150000000000000000e+02,5.814044723420949135e-01
5.160000000000000000e+02,5.833660258925068565e-01
5.170000000000000000e+02,5.853275794429187995e-01
5.180000000000000000e+02,5.872891329933307425e-01
5.190000000000000000e+02,5.892506865437426855e-01
5.200000000000000000e+02,5.912122400941545175e-01
5.210000000000000000e+02,5.931737936445664605e-01
5.220000000000000000e+02,5.951353471949784035e-01
5.230000000000000000e+02,5.970969007453903465e-01
5.240000000000000000e+02,5.990584542958022896e-01
5.250000000000000000e+02,6.010200078462142326e-01
5.260000000000000000e+02,6.025892506865437870e-01
5.270000000000000000e+02,6.041584935268732304e-01
5.280000000000000000e+02,6.057277363672027848e-01
5.290000000000000000e+02,6.072969792075323392e-01
5.300000000000000000e+02,6.088662220478618936e-01
5.310000000000000000e+02,6.104354648881914480e-01
5.320000000000000000e+02,6.120047077285210024e-01
5.330000000000000000e+02,6.135739505688505568e-01
5.340000000000000000e+02,6.151431934091801113e-01
5.350000000000000000e+02,6.167124362495096657e-01
5.360000000000000000e+02,6.182816790898391091e-01
5.370000000000000000e+02,6.198509219301686635e-01
5.380000000000000000e+02,6.214201647704982179e-01
5.390000000000000000e+02,6.229894076108277723e-01
5.400000000000000000e+02,6.245586504511573267e-01
5.410000000000000000e+02,6.261278932914868811e-01
5.420000000000000000e+02,6.276971361318164355e-01
5.430000000000000000e+02,6.292663789721459899e-01
5.440000000000000000e+02,6.308356218124754333e-01
5.450000000000000000e+02,6.324048646528049877e-01
5.460000000000000000e+02,6.339741074931345421e-01
5.470000000000000000e+02,6.355433503334640966e-01
5.480000000000000000e+02,6.371125931737936510e-01
5.490000000000000000e+02,6.386818360141232054e-01
5.500000000000000000e+02,6.402510788544527598e-01
5.510000000000000000e+02,6.418203216947823142e-01
5.520000000000000000e+02,6.433895645351117576e-01
5.530000000000000000e+02,6.449588073754413120e-01
5.540000000000000000e+02,6.465280502157708664e-01
5.550000000000000000e+02,6.480972930561004208e-01
5.560000000000000000e+02,6.496665358964299752e-01
5.570000000000000000e+02,6.512357787367595297e-01
5.580000000000000000e+02,6.528050215770890841e-01
5.590000000000000000e+02,6.543742644174186385e-01
5.600000000000000000e+02,6.559435072577480819e-01
5.610000000000000000e+02,6.575127500980776363e-01
5.620000000000000000e+02,6.590819929384071907e-01
5.630000000000000000e+02,6.606512357787367451e-01
5.640000000000000000e+02,6.622204786190662995e-01
5.650000000000000000e+02,6.637897214593958539e-01
5.660000000000000000e+02,6.653589642997254083e-01
5.670000000000000000e+02,6.669282071400549627e-01
5.680000000000000000e+02,6.684974499803845172e-01
5.690000000000000000e+02,6.700666928207139605e-01
5.700000000000000000e+02,6.716359356610435150e-01
5.710000000000000000e+02,6.732051785013730694e-01
5.720000000000000000e+02,6.747744213417026238e-01
5.730000000000000000e+02,6.763436641820321782e-01
5.740000000000000000e+02,6.779129070223617326e-01
5.750000000000000000e+02,6.794821498626912870e-01
5.760000000000000000e+02,6.810513927030208414e-01
5.770000000000000000e+02,6.826206355433502848e-01
5.780000000000000000e+02,6.841898783836798392e-01
5.790000000000000000e+02,6.857591212240093936e-01
5.800000000000000000e+02,6.873283640643389480e-01
5.810000000000000000e+02,6.888976069046685025e-01
5.820000000000000000e+02,6.904668497449980569e-01
5.830000000000000000e+02,6.924284032954099999e-01
5.840000000000000000e+02,6.943899568458219429e-01
5.850000000000000000e+02,6.963515103962337749e-01
5.860000000000000000e+02,6.983130639466457179e-01
5.870000000000000000e+02,7.002746174970576609e-01
5.880000000000000000e+02,7.022361710474696039e-01
5.890000000000000000e+02,7.041977245978815469e-01
5.900000000000000000e+02,7.061592781482934900e-01
5.910000000000000000e+02,7.077285209886230444e-01
5.920000000000000000e+02,7.092977638289524878e-01
5.930000000000000000e+02,7.108670066692820422e-01
5.940000000000000000e+02,7.124362495096115966e-01
5.950000000000000000e+02,7.140054923499411510e-01
5.960000000000000000e+02,7.155747351902707054e-01
5.970000000000000000e+02,7.171439780306002598e-01
5.980000000000000000e+02,7.187132208709298142e-01
5.990000000000000000e+02,7.202824637112593686e-01
6.000000000000000000e+02,7.218517065515888120e-01
6.010000000000000000e+02,7.234209493919183664e-01
6.020000000000000000e+02,7.249901922322479209e-01
6.030000000000000000e+02,7.265594350725774753e-01
6.040000000000000000e+02,7.281286779129070297e-01
6.050000000000000000e+02,7.296979207532365841e-01
6.060000000000000000e+02,7.312671635935661385e-01
6.070000000000000000e+02,7.328364064338956929e-01
6.080000000000000000e+02,7.344056492742251363e-01
6.090000000000000000e+02,7.359748921145546907e-01
6.100000000000000000e+02,7.375441349548842451e-01
6.110000000000000000e+02,7.391133777952137995e-01
6.120000000000000000e+02,7.406826206355433539e-01
6.130000000000000000e+02,7.422518634758729084e-01
6.140000000000000000e+02,7.438211063162024628e-01
6.150000000000000000e+02,7.453903491565320172e-01
6.160000000000000000e+02,7.469595919968614606e-01
6.170000000000000000e+02,7.485288348371910150e-01
6.180000000000000000e+02,7.500980776775205694e-01
6.190000000000000000e+02,7.516673205178501238e-01
6.200000000000000000e+02,7.532365633581796782e-01
6.210000000000000000e+02,7.548058061985092326e-01
6.220000000000000000e+02,7.563750490388387870e-01
6.230000000000000000e+02,7.579442918791683415e-01
6.240000000000000000e+02,7.595135347194978959e-01
6.250000000000000000e+02,7.610827775598273393e-01
6.260000000000000000e+02,7.626520204001568937e-01
6.270000000000000000e+02,7.642212632404864481e-01
6.280000000000000000e+02,7.657905060808160025e-01
6.290000000000000000e+02,7.673597489211455569e-01
6.300000000000000000e+02,7.689289917614751113e-01
6.310000000000000000e+02,7.704982346018046657e-01
6.320000000000000000e+02,7.720674774421342201e-01
6.330000000000000000e+02,7.736367202824636635e-01
6.340000000000000000e+02,7.755982738328756065e-01
6.350000000000000000e+02,7.775598273832875496e-01
6.360000000000000000e+02,7.795213809336994926e-01
6.370000000000000000e+02,7.814829344841114356e-01
6.380000000000000000e+02,7.834444880345233786e-01
6.390000000000000000e+02,7.854060415849353216e-01
6.400000000000000000e+02,7.873675951353471536e-01
6.410000000000000000e+02,7.893291486857590966e-01
6.420000000000000000e+02,7.912907022361710396e-01
6.430000000000000000e+02,7.932522557865829826e-01
6.440000000000000000e+02,7.952138093369949257e-01
6.450000000000000000e+02,7.971753628874068687e-01
6.460000000000000000e+02,7.991369164378187007e-01
6.470000000000000000e+02,8.010984699882306437e-01
6.480000000000000000e+02,8.030600235386425867e-01
6.490000000000000000e+02,8.050215770890545297e-01
6.500000000000000000e+02,8.069831306394664727e-01
6.510000000000000000e+02,8.089446841898784157e-01
6.520000000000000000e+02,8.109062377402903588e-01
6.530000000000000000e+02,8.128677912907021907e-01
6.540000000000000000e+02,8.148293448411141338e-01
6.550000000000000000e+02,8.167908983915260768e-01
6.560000000000000000e+02,8.187524519419380198e-01
6.570000000000000000e+02,8.207140054923499628e-01
6.580000000000000000e+02,8.226755590427619058e-01
6.590000000000000000e+02,8.246371125931738488e-01
6.600000000000000000e+02,8.265986661435856808e-01
6.610000000000000000e+02,8.285602196939976238e-01
6.620000000000000000e+02,8.305217732444095668e-01
6.630000000000000000e+02,8.324833267948215099e-01
6.640000000000000000e+02,8.344448803452334529e-01
6.650000000000000000e+02,8.364064338956453959e-01
6.660000000000000000e+02,8.383679874460572279e-01
6.670000000000000000e+02,8.403295409964691709e-01
6.680000000000000000e+02,8.422910945468811139e-01
6.690000000000000000e+02,8.438603373872106683e-01
6.700000000000000000e+02,8.454295802275402227e-01
6.710000000000000000e+02,8.469988230678697771e-01
6.720000000000000000e+02,8.485680659081993316e-01
6.730000000000000000e+02,8.501373087485288860e-01
6.740000000000000000e+02,8.517065515888583294e-01
6.750000000000000000e+02,8.532757944291878838e-01
6.760000000000000000e+02,8.548450372695174382e-01
6.770000000000000000e+02,8.564142801098469926e-01
6.780000000000000000e+02,8.579835229501765470e-01
6.790000000000000000e+02,8.595527657905061014e-01
6.800000000000000000e+02,8.611220086308356558e-01
6.810000000000000000e+02,8.626912514711652102e-01
6.820000000000000000e+02,8.642604943114946536e-01
6.830000000000000000e+02,8.658297371518242080e-01
6.840000000000000000e+02,8.673989799921537625e-01
6.850000000000000000e+02,8.689682228324833169e-01
6.860000000000000000e+02,8.705374656728128713e-01
6.870000000000000000e+02,8.721067085131424257e-01
6.880000000000000000e+02,8.736759513534719801e-01
6.890000000000000000e+02,8.752451941938015345e-01
6.900000000000000000e+02,8.768144370341309779e-01
6.910000000000000000e+02,8.783836798744605323e-01
6.920000000000000000e+02,8.799529227147900867e-01
6.930000000000000000e+02,8.811298548450372525e-01
6.940000000000000000e+02,8.823067869752844183e-01
6.950000000000000000e+02,8.834837191055315841e-01
6.960000000000000000e+02,8.846606512357787500e-01
6.970000000000000000e+02,8.858375833660259158e-01
6.980000000000000000e+02,8.870145154962730816e-01
6.990000000000000000e+02,8.881914476265202474e-01
7.000000000000000000e+02,8.893683797567674132e-01
7.010000000000000000e+02,8.905453118870144680e-01
7.020000000000000000e+02,8.917222440172616338e-01
7.030000000000000000e+02,8.928991761475087996e-01
7.040000000000000000e+02,8.940761082777559654e-01
7.050000000000000000e+02,8.952530404080031312e-01
7.060000000000000000e+02,8.964299725382502970e-01
7.070000000000000000e+02,8.976069046684974628e-01
7.080000000000000000e+02,8.987838367987446286e-01
7.090000000000000000e+02,8.999607689289917944e-01
7.100000000000000000e+02,9.011377010592389603e-01
7.110000000000000000e+02,9.023146331894861261e-01
7.120000000000000000e+02,9.034915653197331808e-01
7.130000000000000000e+02,9.046684974499803467e-01
7.140000000000000000e+02,9.058454295802275125e-01
7.150000000000000000e+02,9.070223617104746783e-01
7.160000000000000000e+02,9.081992938407218441e-01
7.170000000000000000e+02,9.093762259709690099e-01
7.180000000000000000e+02,9.105531581012161757e-01
7.190000000000000000e+02,9.117300902314633415e-01
7.200000000000000000e+02,9.129070223617105073e-01
7.210000000000000000e+02,9.140839544919576731e-01
7.220000000000000000e+02,9.152608866222048389e-01
7.230000000000000000e+02,9.164378187524518937e-01
7.240000000000000000e+02,9.176147508826990595e-01
7.250000000000000000e+02,9.187916830129462253e-01
7.260000000000000000e+02,9.199686151431933911e-01
7.270000000000000000e+02,9.211455472734405570e-01
7.280000000000000000e+02,9.223224794036877228e-01
7.290000000000000000e+02,9.234994115339348886e-01
7.300000000000000000e+02,9.246763436641820544e-01
7.310000000000000000e+02,9.258532757944292202e-01
7.320000000000000000e+02,9.270302079246763860e-01
7.330000000000000000e+02,9.282071400549235518e-01
7.340000000000000000e+02,9.293840721851706066e-01
7.350000000000000000e+02,9.305610043154177724e-01
7.360000000000000000e+02,9.317379364456649382e-01
7.370000000000000000e+02,9.329148685759121040e-01
7.380000000000000000e+02,9.340918007061592698e-01
7.390000000000000000e+02,9.352687328364064356e-01
7.400000000000000000e+02,9.364456649666536014e-01
7.410000000000000000e+02,9.376225970969007673e-01
7.420000000000000000e+02,9.387995292271479331e-01
7.430000000000000000e+02,9.399764613573950989e-01
7.440000000000000000e+02,9.411533934876422647e-01
7.450000000000000000e+02,9.423303256178893195e-01
7.460000000000000000e+02,9.435072577481364853e-01
7.470000000000000000e+02,9.446841898783836511e-01
7.480000000000000000e+02,9.458611220086308169e-01
7.490000000000000000e+02,9.470380541388779827e-01
7.500000000000000000e+02,9.482149862691251485e-01
7.510000000000000000e+02,9.493919183993723143e-01
7.520000000000000000e+02,9.505688505296194801e-01
7.530000000000000000e+02,9.517457826598666459e-01
7.540000000000000000e+02,9.529227147901138117e-01
7.550000000000000000e+02,9.537073362102785890e-01
7.560000000000000000e+02,9.544919576304433662e-01
7.570000000000000000e+02,9.552765790506080323e-01
7.580000000000000000e+02,9.560612004707728095e-01
7.590000000000000000e+02,9.568458218909375868e-01
7.600000000000000000e+02,9.576304433111023640e-01
7.610000000000000000e+02,9.584150647312671412e-01
7.620000000000000000e+02,9.591996861514319184e-01
7.630000000000000000e+02,9.599843075715966956e-01
7.640000000000000000e+02,9.607689289917614728e-01
7.650000000000000000e+02,9.615535504119262500e-01
7.660000000000000000e+02,9.619458611220086386e-01
7.670000000000000000e+02,9.623381718320910272e-01
7.680000000000000000e+02,9.627304825421734158e-01
7.690000000000000000e+02,9.631227932522558044e-01
7.700000000000000000e+02,9.635151039623381930e-01
7.710000000000000000e+02,9.639074146724205816e-01
7.720000000000000000e+02,9.642997253825029702e-01
7.730000000000000000e+02,9.646920360925853588e-01
7.740000000000000000e+02,9.650843468026677474e-01
7.750000000000000000e+02,9.654766575127501360e-01
7.760000000000000000e+02,9.658689682228325246e-01
7.770000000000000000e+02,9.662612789329149132e-01
7.780000000000000000e+02,9.666535896429973018e-01
7.790000000000000000e+02,9.670459003530796904e-01
7.800000000000000000e+02,9.674382110631620790e-01
7.810000000000000000e+02,9.678305217732443566e-01
7.820000000000000000e+02,9.682228324833267452e-01
7.830000000000000000e+02,9.686151431934091338e-01
7.840000000000000000e+02,9.690074539034915224e-01
7.850000000000000000e+02,9.693997646135739110e-01
7.860000000000000000e+02,9.697920753236562996e-01
7.870000000000000000e+02,9.701843860337386882e-01
7.880000000000000000e+02,9.705766967438210768e-01
7.890000000000000000e+02,9.709690074539034654e-01
7.900000000000000000e+02,9.713613181639858540e-01
7.910000000000000000e+02,9.717536288740682426e-01
7.920000000000000000e+02,9.721459395841506312e-01
7.930000000000000000e+02,9.725382502942330198e-01
7.940000000000000000e+02,9.729305610043154084e-01
7.950000000000000000e+02,9.733228717143977970e-01
7.960000000000000000e+02,9.737151824244801857e-01
7.970000000000000000e+02,9.741074931345625743e-01
7.980000000000000000e+02,9.744998038446449629e-01
7.990000000000000000e+02,9.748921145547273515e-01
8.000000000000000000e+02,9.752844252648097401e-01
8.010000000000000000e+02,9.756767359748921287e-01
8.020000000000000000e+02,9.760690466849745173e-01
8.030000000000000000e+02,9.764613573950569059e-01
8.040000000000000000e+02,9.768536681051392945e-01
8.050000000000000000e+02,9.772459788152216831e-01
8.060000000000000000e+02,9.776382895253040717e-01
8.070000000000000000e+02,9.780306002353864603e-01
8.080000000000000000e+02,9.784229109454688489e-01
8.090000000000000000e+02,9.788152216555512375e-01
8.100000000000000000e+02,9.792075323656336261e-01
8.110000000000000000e+02,9.795998430757160147e-01
8.120000000000000000e+02,9.799921537857984033e-01
8.130000000000000000e+02,9.803844644958807919e-01
8.140000000000000000e+02,9.807767752059630695e-01
8.150000000000000000e+02,9.811690859160454581e-01
8.160000000000000000e+02,9.815613966261278467e-01
8.170000000000000000e+02,9.819537073362102353e-01
8.180000000000000000e+02,9.823460180462926239e-01
8.190000000000000000e+02,9.827383287563750125e-01
8.200000000000000000e+02,9.831306394664574011e-01
8.210000000000000000e+02,9.835229501765397897e-01
8.220000000000000000e+02,9.839152608866221783e-01
8.230000000000000000e+02,9.843075715967045669e-01
8.240000000000000000e+02,9.846998823067869555e-01
8.250000000000000000e+02,9.850921930168693441e-01
8.260000000000000000e+02,9.854845037269517327e-01
8.270000000000000000e+02,9.858768144370341213e-01
8.280000000000000000e+02,9.862691251471165099e-01
8.290000000000000000e+02,9.866614358571988985e-01
8.300000000000000000e+02,9.870537465672812871e-01
8.310000000000000000e+02,9.874460572773636757e-01
8.320000000000000000e+02,9.878383679874460643e-01
8.330000000000000000e+02,9.882306786975284529e-01
8.340000000000000000e+02,9.886229894076108415e-01
8.350000000000000000e+02,9.890153001176932301e-01
8.360000000000000000e+02,9.894076108277756187e-01
8.370000000000000000e+02,9.897999215378580073e-01
8.380000000000000000e+02,9.901922322479403960e-01
8.390000000000000000e+02,9.905845429580227846e-01
8.400000000000000000e+02,9.909768536681051732e-01
8.410000000000000000e+02,9.913691643781875618e-01
8.420000000000000000e+02,9.917614750882699504e-01
8.430000000000000000e+02,9.921537857983523390e-01
8.440000000000000000e+02,9.925460965084347276e-01
8.450000000000000000e+02,9.929384072185171162e-01
8.460000000000000000e+02,9.933307179285995048e-01
8.470000000000000000e+02,9.937230286386817824e-01
8.480000000000000000e+02,9.941153393487641710e-01
8.490000000000000000e+02,9.945076500588465596e-01
8.500000000000000000e+02,9.948999607689289482e-01
8.510000000000000000e+02,9.952922714790113368e-01
8.520000000000000000e+02,9.956845821890937254e-01
8.530000000000000000e+02,9.960768928991761140e-01
8.540000000000000000e+02,9.964692036092585026e-01
8.550000000000000000e+02,9.968615143193408912e-01
8.560000000000000000e+02,9.972538250294232798e-01
8.570000000000000000e+02,9.976461357395056684e-01
8.580000000000000000e+02,9.980384464495880570e-01
8.590000000000000000e+02,9.984307571596704456e-01
8.600000000000000000e+02,9.988230678697528342e-01
8.610000000000000000e+02,9.992153785798352228e-01
8.620000000000000000e+02,9.996076892899176114e-01
8.630000000000000000e+02,1.000000000000000000e+00
